;[mm/day];[-];[-];[cm];[degC];[K];[g/l]
tAtm;Prec;rSoil;rRoot;hCritA;tTop;Ampl;cTop
1;11.480293871387373;0.05;0.03;100000;1.2416666666666667;0;0.0
2;2.7994082767656017;0.07393949017239888;0.04353803713475453;100000;0.14583333333333334;0;0.0
3;0.0;0.12899007312822364;0.0759536558985865;100000;-1.0791666666666668;0;0.0
4;0.0;0.09230708733468063;0.054353490763973;100000;-2.1125000000000003;0;0.0
5;0.0;0.20558552003921213;0.12105560891703727;100000;-5.2;0;0.0
6;0.0;0.143196234694203;0.08431871749638499;100000;-6.658333333333334;0;0.0
7;0.0;0.26499403946253053;0.15603732597706044;100000;-8.3125;0;0.0
8;0.0;0.2242352315128576;0.13203718085915947;100000;-9.308333333333334;0;0.0
9;0.0;0.25710544727273354;0.15139225987098492;100000;-10.516666666666667;0;0.0
10;0.0;0.4177691025320828;0.24599637700213234;100000;-8.9;0;0.0
11;0.0;0.42953355179785285;0.25292367698498014;100000;-8.229166666666666;0;0.0
12;0.0;0.30437552499740506;0.17922645773387114;100000;-6.05;0;0.0
13;0.0;0.41869376803449476;0.24654085088053443;100000;-8.9625;0;0.0
14;0.0;0.3956606847317498;0.23297820345323111;100000;-10.9375;0;0.0
15;0.0;0.41719022949094736;0.245655517254486;100000;-10.4125;0;0.0
16;0.0;0.45799059147603594;0.2696801307739517;100000;-6.7749999999999995;0;0.0
17;33.40985097776483;0.18779200617587768;0.1105781946755632;100000;1.5916666666666668;0;0.0
18;32.66314260320316;0.05860686940190989;0.034509678798469286;100000;2.1041666666666665;0;0.0
19;0.30996037299596657;0.30856500534701214;0.18169336345111675;100000;0.7125;0;0.0
20;0.0;0.5657054139955502;0.33310620974587213;100000;0.4791666666666667;0;0.0
21;4.3961144208928875;0.38101148483168373;0.2243522661123539;100000;2.245833333333333;0;0.0
22;1.3315184113918719;0.30533874634652186;0.1797936345803581;100000;0.04583333333333334;0;0.0
23;0.0;0.09702668921720033;0.05713254971533029;100000;-5.270833333333333;0;0.0
24;0.0;0.2414878775234382;0.14219611407509108;100000;-9.299999999999999;0;0.0
25;0.0;0.3426612526636376;0.20177037072241064;100000;-2.5791666666666666;0;0.0
26;0.0;0.2072291885082744;0.12202345571549914;100000;-2.466666666666667;0;0.0
27;0.0;0.27339722040662606;0.16098539909929932;100000;-5.816666666666666;0;0.0
28;0.0;0.32797683102839903;0.19312369364948612;100000;-4.183333333333334;0;0.0
29;0.0;0.4098787584539408;0.24135027932578706;100000;-4.429166666666666;0;0.0
30;0.0;0.4769194209860732;0.28082605672237104;100000;-5.354166666666667;0;0.0
31;0.0;0.5030692069152033;0.2962239225744857;100000;-4.866666666666666;0;0.0
32;0.0;0.5586911743597465;0.32897599157661445;100000;-3.0833333333333335;0;0.0
33;0.0;0.6363220956247568;0.37468766641993007;100000;-3.533333333333333;0;0.0
34;0.0;0.31957164948660205;0.18817444250861584;100000;-6.945833333333333;0;0.0
35;0.0;0.09341169352491592;0.055003919719022736;100000;-7.058333333333334;0;0.0
36;0.0;0.10282903025666844;0.0605491615834383;100000;-6.175;0;0.0
37;0.0;0.3510368019534084;0.206702173405277;100000;-2.8125;0;0.0
38;0.22692922966221973;0.18363565806073515;0.10813079832267904;100000;0.4291666666666667;0;0.0
39;8.011945242226702;0.19374093592038508;0.11408112286081992;100000;0.32916666666666666;0;0.0
40;0.0;0.2919158215753243;0.17188976892233424;100000;-0.5166666666666666;0;0.0
41;0.0;0.27394936962803745;0.16131052297085544;100000;-2.2624999999999997;0;0.0
42;0.0;0.37846687314106103;0.22285391390541348;100000;-3.7624999999999997;0;0.0
43;0.0;0.3803691058000258;0.22397401192004474;100000;-8.424999999999999;0;0.0
44;0.0;0.6012072089398202;0.3540108503246769;100000;-7.7250000000000005;0;0.0
45;6.247710567548227;0.7053385978816881;0.41532688412574575;100000;0.9791666666666666;0;0.0
46;12.454436091151054;0.20855485027622941;0.1228040495652373;100000;4.083333333333333;0;0.0
47;46.12697509131958;0.23781569317036497;0.14003380948850294;100000;4.6875;0;0.0
48;16.328904709384734;0.3384641351799837;0.19929896800599772;100000;2.5791666666666666;0;0.0
49;7.061928232868947;0.2667615305734921;0.15707808367561865;100000;3.5416666666666665;0;0.0
50;0.0;0.5535512371092531;0.32594942514559755;100000;3.8333333333333335;0;0.0
51;0.0;0.38486597565815084;0.22662191882901464;100000;2.1666666666666665;0;0.0
52;0.0;0.8355313201372058;0.4919886999297106;100000;1.5666666666666667;0;0.0
53;0.0;0.09510113078381084;0.055998716706980096;100000;0.6541666666666667;0;0.0
54;0.0;0.09856069491245241;0.058035823416150885;100000;-0.4791666666666667;0;0.0
55;0.0;0.07528886249043669;0.04433259254694847;100000;-1.7833333333333334;0;0.0
56;0.0;0.12814688843445904;0.07545716063708302;100000;-1.7375;0;0.0
57;0.0;0.14941936081675813;0.08798310165140595;100000;-2.8333333333333335;0;0.0
58;0.0;0.5372880547880104;0.3163731211410581;100000;-6.704166666666667;0;0.0
59;0.0;0.41078307388796453;0.2418827704054017;100000;-5.108333333333333;0;0.0
60;0.0;0.30834139616031503;0.2624350374833259;100000;-3.720833333333333;0;0.0
61;0.0;0.3437191116021234;0.2925456622442589;100000;-4.433333333333334;0;0.0
62;31.71988704298388;0.3730040803259498;0.3174706381328015;100000;2.0208333333333335;0;0.0
63;0.0;0.0718932345659303;0.06118965517785307;100000;-0.07916666666666665;0;0.0
64;0.0;0.2310612013123496;0.1966604412591463;100000;-3.858333333333333;0;0.0
65;0.0;0.3933311747496575;0.3347714023293782;100000;-3.2708333333333335;0;0.0
66;0.0;0.5578056160920304;0.47475862660818585;100000;-3.8375;0;0.0
67;0.0;0.2887225580121501;0.24573708323875207;100000;-0.8791666666666668;0;0.0
68;122.13852962597294;0.6494214709098348;0.5527345668892526;100000;5.9624999999999995;0;0.0
69;14.106148773681449;0.6243077340100555;0.5313598031802199;100000;2.216666666666667;0;0.0
70;0.0;0.4267579223519324;0.3632215224533322;100000;-0.15833333333333333;0;0.0
71;0.0;0.4509290577748963;0.3837940206962928;100000;-6.216666666666666;0;0.0
72;0.0;0.5473334585452355;0.465845580573668;100000;-6.229166666666667;0;0.0
73;0.0;0.8207554150435802;0.698560040247126;100000;-5.483333333333333;0;0.0
74;0.0;0.7623994134090112;0.6488921731781755;100000;-4.020833333333333;0;0.0
75;0.0;0.2677369828992247;0.2278758740078439;100000;-2.3958333333333335;0;0.0
76;0.0;0.6825744703526764;0.5809516949162112;100000;-2.4166666666666665;0;0.0
77;0.0;0.5417552955669414;0.46109790339335316;100000;-2.7125;0;0.0
78;0.0;1.0126073978002248;0.8618487939239525;100000;-2.0708333333333333;0;0.0
79;11.13458880002645;1.3372451393707117;1.1381539509300431;100000;3.5;0;0.0
80;0.0;0.8872233786134702;0.7551321474248307;100000;5.8374999999999995;0;0.0
81;0.0;0.8131084388053273;0.6920515580234918;100000;5.7875000000000005;0;0.0
82;11.724796636966346;0.428090528741304;0.364355728278759;100000;1.5083333333333335;0;0.0
83;0.08909418809445646;0.42111753364929044;0.35842088381372267;100000;3.029166666666667;0;0.0
84;2.575749793169723;0.7106092236905323;0.6048125894787785;100000;9.079166666666667;0;0.0
85;1.1633898996940892;1.2974001109667492;1.1042411138834036;100000;10.9625;0;0.0
86;1.1896062552851312;1.431269801612011;1.2181800715448148;100000;13.429166666666667;0;0.0
87;24.1822260860342;0.2701807713043653;0.2299558272988738;100000;5.604166666666667;0;0.0
88;0.40915980466747537;0.6899487575369511;0.5872280864669966;100000;5.245833333333334;0;0.0
89;10.391753825163159;0.4568246580426499;0.38881187459629324;100000;7.233333333333333;0;0.0
90;8.571213429690689;1.3520791423971716;1.1507794439347276;100000;10.387500000000001;0;0.0
91;0.9076259788623665;1.0703790891446578;1.2381091645069313;100000;9.775;0;0.0
92;0.414585909533991;1.0722320525841023;1.2402524902119445;100000;9.875;0;0.0
93;4.7537103550475885;0.855812501805099;0.9899196577459468;100000;6.483333333333333;0;0.0
94;0.0;1.2120737559315398;1.4020076069277225;100000;6.5625;0;0.0
95;49.56148475847341;0.08750394597104068;0.10121595099904195;100000;0.9666666666666667;0;0.0
96;0.0;0.7612468541330163;0.880535425357868;100000;-0.012500000000000011;0;0.0
97;0.7769118850900308;1.2277625082214088;1.4201548112096072;100000;0.6583333333333333;0;0.0
98;0.0;1.5540152628003063;1.7975318820869448;100000;6.729166666666667;0;0.0
99;25.16500817926872;0.2222808449716167;0.257112600614818;100000;4.945833333333334;0;0.0
100;25.595088514436235;0.18736514743643842;0.21672555873230046;100000;2.0541666666666667;0;0.0
101;20.000701464666623;0.49627277593736;0.5740394951795448;100000;0.2916666666666667;0;0.0
102;3.0368432194811477;0.5751876221415381;0.6653204210607896;100000;1.2249999999999999;0;0.0
103;7.637130525486241;0.5817624860684357;0.6729255764359595;100000;4.4375;0;0.0
104;0.0;1.1465937477959347;1.3262667792276357;100000;8.145833333333334;0;0.0
105;5.140429240709913;0.6090231251920261;0.7044580002954396;100000;8.137500000000001;0;0.0
106;12.93813912856008;0.675535951404691;0.7813934902786785;100000;8.875;0;0.0
107;0.07349061708327598;1.2199064950038243;1.4110677484485519;100000;9.095833333333333;0;0.0
108;0.0;0.7431023299525729;0.8595476258938705;100000;8.433333333333334;0;0.0
109;0.0;1.3326084140457264;1.5414302342616872;100000;8.741666666666667;0;0.0
110;0.0;1.2860934571351366;1.4876263109398415;100000;9.808333333333334;0;0.0
111;0.0;1.7664332728967176;2.0432361261943797;100000;11.616666666666667;0;0.0
112;8.089047553179062;1.7301556355022176;2.0012737263490297;100000;12.204166666666666;0;0.0
113;1.0864635993327452;1.1504690530892714;1.3307493509142487;100000;10.6;0;0.0
114;0.0;1.8857363578691966;2.1812341909514283;100000;12.625;0;0.0
115;0.0;1.0413791546691278;1.2045648949968215;100000;13.454166666666666;0;0.0
116;5.231611321997345;0.6886326033274054;0.7965424080166245;100000;11.012500000000001;0;0.0
117;6.8187806286373185;0.4144117640815236;0.47935073488667235;100000;10.308333333333334;0;0.0
118;28.40918284090709;0.14431670358642595;0.16693135648283985;100000;8.725;0;0.0
119;8.917908196017438;0.16509503812357612;0.1909656885008486;100000;4.183333333333334;0;0.0
120;0.0;1.280712223844771;1.481401829986579;100000;3.454166666666667;0;0.0
121;0.0;1.3219647279850402;2.015191649188464;100000;7.8625;0;0.0
122;0.0;1.395629965027271;2.127486302275965;100000;12.137500000000001;0;0.0
123;0.0;1.763561553611622;2.688358048013057;100000;13.995833333333332;0;0.0
124;0.0;1.7993994837825829;2.7429890802001253;100000;14.674999999999999;0;0.0
125;6.685412499347326;0.6800451039566126;1.0366549012647899;100000;12.483333333333334;0;0.0
126;0.0;1.1494280797640106;1.7521782681855174;100000;11.983333333333334;0;0.0
127;0.0;1.547532258514549;2.359044850585131;100000;12.366666666666667;0;0.0
128;0.09999999999999964;1.0587316133136548;1.6139213556276149;100000;11.283333333333333;0;0.0
129;16.109279792565953;0.3609933971143521;0.5502952263982414;100000;5.879166666666666;0;0.0
130;3.9004769603599967;0.7398763164090923;1.1278610863789986;100000;8.616666666666667;0;0.0
131;0.0;1.6330149112228842;2.489353870365774;100000;10.754166666666668;0;0.0
132;0.5360694828053247;1.5585271080781897;2.375805304593994;100000;14.3375;0;0.0
133;19.788030516341806;1.3379619248460441;2.0395776383470827;100000;13.104166666666666;0;0.0
134;4.066955905808084;1.2554523552979233;1.9138007609375445;100000;11.241666666666667;0;0.0
135;0.0;1.4638066347503143;2.2314142305988085;100000;14.354166666666666;0;0.0
136;4.896772952121351;0.8932214635077004;1.361619108310268;100000;15.5;0;0.0
137;0.0;1.3723467656039334;2.0919935935440037;100000;16.474999999999998;0;0.0
138;23.68924292411223;0.38393682758446535;0.5852699942633275;100000;14.975;0;0.0
139;0.0;1.518531684445305;2.3148366251696997;100000;12.737499999999999;0;0.0
140;1.453059578701219;0.6984990768821236;1.0647859787032348;100000;11.945833333333333;0;0.0
141;3.083176808933889;1.1641835305543669;1.7746713503255072;100000;11.666666666666666;0;0.0
142;0.7999999999999998;1.8319011487157058;2.792534338383967;100000;15.029166666666667;0;0.0
143;2.918298594885158;0.44398908948118515;0.676813145247094;100000;9.529166666666667;0;0.0
144;0.0;0.9583538052993513;1.4609062893462426;100000;10.049999999999999;0;0.0
145;0.0;0.9803801968706005;1.49448313100963;100000;10.700000000000001;0;0.0
146;0.0;1.4481062585904259;2.2074807123613365;100000;15.170833333333334;0;0.0
147;3.2254035825681555;0.8314999845799763;1.267531417256442;100000;15.654166666666667;0;0.0
148;12.152692983654749;0.4252656079769215;0.6482712312516747;100000;14.545833333333334;0;0.0
149;23.62010405082534;0.3153720407563009;0.4807504235671357;100000;9.0375;0;0.0
150;21.605072950940073;0.7210995680852162;1.099237972902391;100000;4.741666666666666;0;0.0
151;10.685407211052151;0.6588480440314365;1.0043422856221087;100000;4.208333333333333;0;0.0
152;11.916161975715381;0.38664316207093724;0.5893955072528924;100000;4.845833333333333;0;0.0
153;1.0870800108457095;0.6004616582540749;0.9153385818514534;100000;5.183333333333334;0;0.0
154;0.0;1.3572371373639498;2.068960606349279;100000;9.0875;0;0.0
155;0.8360883447868614;0.8511992187067154;1.2975607601483066;100000;10.116666666666667;0;0.0
156;0.0;0.8441912171723003;1.2868778229483262;100000;9.475;0;0.0
157;0.49797416715412;0.9603542476733063;1.463955746477237;100000;9.791666666666666;0;0.0
158;0.0;1.8998703561663677;2.896146013005048;100000;9.470833333333333;0;0.0
159;0.0;1.9220602632921358;2.9299721163718706;100000;11.195833333333333;0;0.0
160;0.0;2.0124271387648465;3.067726603281238;100000;12.65;0;0.0
161;0.0;2.0205537333914276;3.0801147141598;100000;15.120833333333332;0;0.0
162;0.0;2.1739889017690492;3.314009963753712;100000;16.004166666666666;0;0.0
163;0.0;2.16310665224209;3.297421156271277;100000;17.016666666666666;0;0.0
164;0.0;1.9043168412860185;2.902924196637087;100000;18.708333333333332;0;0.0
165;0.0;2.0806644483369077;3.1717469704678134;100000;19.920833333333334;0;0.0
166;0.0;2.1151337638826395;3.224291698303992;100000;21.2375;0;0.0
167;0.0;1.4258795886018734;2.1735985680030145;100000;20.608333333333334;0;0.0
168;0.0;1.8817601873741556;2.8685390276272416;100000;19.754166666666666;0;0.0
169;5.177597294306546;2.1144363579452135;3.2232285786976638;100000;19.908333333333335;0;0.0
170;0.0;1.6780417382143904;2.5579923777494322;100000;19.095833333333335;0;0.0
171;0.0;1.8124933153188325;2.762949204255742;100000;21.245833333333334;0;0.0
172;0.0;1.4196092387253485;2.1640401006391214;100000;20.091666666666665;0;0.0
173;0.0;0.7494182081029314;1.142406663921142;100000;16.345833333333335;0;0.0
174;0.0;1.1899380631545609;1.8139313380740232;100000;16.9875;0;0.0
175;0.0;2.0811021136351258;3.1724141436801077;100000;19.7375;0;0.0
176;0.0;1.9021523767460111;2.899624705528398;100000;21.333333333333332;0;0.0
177;0.0;1.5373653887297023;2.3435465618221336;100000;19.037499999999998;0;0.0
178;0.0;1.8535329360305968;2.825509648716515;100000;19.995833333333334;0;0.0
179;0.0;1.333681228054502;2.0330521810149706;100000;18.741666666666667;0;0.0
180;0.0;0.7931484882854923;1.2090687265125473;100000;16.5;0;0.0
181;0.0;2.1793244393696174;3.3221434113328954;100000;17.520833333333332;0;0.0
182;0.0;2.1224292155548916;3.2354128220191374;100000;17.458333333333332;0;0.0
183;0.0;2.140688853236399;3.2632476564848547;100000;17.51666666666667;0;0.0
184;0.0;1.9719620885312017;3.006042029110243;100000;18.962500000000002;0;0.0
185;0.0;2.1823889984866054;3.326814998864895;100000;21.483333333333334;0;0.0
186;9.706123114299555;1.8820437688366012;2.8689713167669493;100000;20.895833333333332;0;0.0
187;0.0;1.3862227041664459;2.1131459548164924;100000;16.900000000000002;0;0.0
188;44.77757643565823;0.4966807284323748;0.7571358259878562;100000;15.833333333333334;0;0.0
189;0.0;1.032073019324722;1.5732832244820985;100000;17.508333333333333;0;0.0
190;0.0;1.9276663097524116;2.9385179253277043;100000;18.625;0;0.0
191;0.0;2.02200984014233;3.0823343907537573;100000;20.224999999999998;0;0.0
192;0.0;2.21126613973328;3.3708350643483613;100000;21.608333333333334;0;0.0
193;0.0;1.5779911870063;2.405476178925761;100000;21.295833333333334;0;0.0
194;0.0;1.944723286815011;2.964519434300899;100000;21.283333333333335;0;0.0
195;0.0;1.8377435684500685;2.801440472723638;100000;20.675;0;0.0
196;0.0;1.2593291599588812;1.9197105285833158;100000;19.341666666666665;0;0.0
197;0.0;2.135969075208863;3.2560528674970945;100000;18.150000000000002;0;0.0
198;0.0;2.1243055660084873;3.2382731144951706;100000;18.170833333333334;0;0.0
199;0.0;2.1865151681768364;3.3331048964142513;100000;19.420833333333334;0;0.0
200;0.0;2.2441261940764385;3.420926648263119;100000;21.666666666666668;0;0.0
201;0.0;2.0913269112707775;3.1880007371601122;100000;24.516666666666666;0;0.0
202;0.0;2.139504741708336;3.2614426070667077;100000;23.662499999999998;0;0.0
203;0.0;1.7586722998771946;2.6809049117169024;100000;21.979166666666668;0;0.0
204;0.0;1.7540367047190502;2.6738384503704262;100000;22.025000000000002;0;0.0
205;0.0;2.1748350339300466;3.315299800334715;100000;22.070833333333336;0;0.0
206;0.0;2.167291147917819;3.303799965450737;100000;22.787499999999998;0;0.0
207;0.0;1.6571900623375397;2.5262062625762525;100000;22.400000000000002;0;0.0
208;0.0;1.992104996036259;3.0367477038799757;100000;23.866666666666664;0;0.0
209;11.936470473197662;1.5547147953542682;2.3699938479017635;100000;19.879166666666666;0;0.0
210;0.5858409656300172;1.0853375731521673;1.6544792517274123;100000;18.704166666666666;0;0.0
211;1.0999999999999988;1.7588842248502534;2.6812279683211533;100000;21.429166666666664;0;0.0
212;9.687531316945993;1.1526960696000423;1.7571599637540833;100000;19.908333333333335;0;0.0
213;12.762084202822898;0.6413638896609857;0.9776895912388337;100000;15.958333333333334;0;0.0
214;0.6662537718478145;0.9838564619196117;1.499782319519607;100000;15.608333333333333;0;0.0
215;16.197143633217284;0.44548170751935107;0.6790884793329925;100000;12.2875;0;0.0
216;2.695816507234196;0.7715321574140093;1.17611697784925;100000;12.945833333333333;0;0.0
217;5.896388350904826;0.5379541877552328;0.820052732014024;100000;13.070833333333333;0;0.0
218;12.034586165493408;0.5559188554869248;0.847437916827942;100000;13.483333333333334;0;0.0
219;2.425842056185182;1.0595090095810078;1.615106411804165;100000;14.858333333333334;0;0.0
220;12.07562469977464;1.4647099556701098;2.2327912452313274;100000;15.5;0;0.0
221;13.510504437279245;1.1346662681342496;1.7296754896367053;100000;14.216666666666667;0;0.0
222;3.7;0.6434253869086054;0.9808321198935585;100000;12.754166666666668;0;0.0
223;19.138998688725117;0.26947027055490314;0.4107781602876034;100000;11.174999999999999;0;0.0
224;2.861096218813391;0.9841900041387339;1.5002907684066293;100000;10.604166666666666;0;0.0
225;19.93613458408772;0.3843989115187763;0.585974391034236;100000;10.0875;0;0.0
226;4.604945407638992;0.4916435019997127;0.7494571213845614;100000;10.920833333333334;0;0.0
227;0.0;1.5611036202233193;2.3797329175241906;100000;14.791666666666666;0;0.0
228;1.8152982522269467;0.8780021125409888;1.3384188607356347;100000;14.079166666666666;0;0.0
229;0.0;1.632493061384674;2.4885583669655476;100000;16.933333333333334;0;0.0
230;0.6258772589817863;1.5025332217545642;2.290448706391129;100000;16.075;0;0.0
231;5.876188426585267;1.6600011408542314;2.5304914464636354;100000;16.2625;0;0.0
232;13.986713045859368;0.6198136859555052;0.9448386462580338;100000;13.933333333333332;0;0.0
233;0.0;1.0979177720232927;1.6736563985707047;100000;14.091666666666667;0;0.0
234;4.307260660001404;0.77158990930249;1.1762050143308047;100000;13.7875;0;0.0
235;0.0;1.4129198261333693;2.153842817679931;100000;14.15;0;0.0
236;1.3936828295535717;0.582446297346364;0.8878761207964818;100000;13.579166666666666;0;0.0
237;0.0;1.3917544012086744;2.121578426159605;100000;13.145833333333334;0;0.0
238;8.183156273428375;1.1358678046818642;1.7315071016046273;100000;12.654166666666667;0;0.0
239;29.714233922181084;0.3171664058855412;0.48348573832061753;100000;12.275;0;0.0
240;27.954678306796275;0.4458149022214491;0.6795963984680554;100000;11.995833333333332;0;0.0
241;23.116132492191067;0.5023439546140545;0.7657687992186788;100000;9.6625;0;0.0
242;11.24368407471412;0.6823112929499118;1.040109460254227;100000;9.183333333333334;0;0.0
243;0.0;1.0975214596495768;1.673052263400472;100000;10.329166666666667;0;0.0
244;0.0;1.535293201346193;2.3403877372163016;100000;12.975;0;0.0
245;0.0;0.9757761776605883;1.487464803766617;100000;18.041666666666668;0;0.0
246;0.0;0.8984685031501606;1.3696176503640816;100000;18.908333333333335;0;0.0
247;0.0;1.2039768799188024;1.8353319894748428;100000;20.6125;0;0.0
248;0.0;1.5623065036154316;2.3815665826102683;100000;18.720833333333335;0;0.0
249;0.0;0.9048928724604868;1.37941090362675;100000;16.654166666666665;0;0.0
250;2.943668976955229;1.4862768776574506;2.2656676754170504;100000;19.179166666666667;0;0.0
251;1.0324532610706736;0.9438489003741994;1.4387951371659635;100000;13.754166666666665;0;0.0
252;0.0;0.918209600507945;1.399710809204908;100000;12.141666666666666;0;0.0
253;0.0;1.084086221270984;1.6525717016939099;100000;16.845833333333335;0;0.0
254;0.0;1.1401982703749365;1.7381084262217201;100000;18.241666666666667;0;0.0
255;0.0;1.4004725758324132;2.134868336492314;100000;17.004166666666666;0;0.0
256;0.0;1.3823619161383123;2.107260602787895;100000;16.829166666666666;0;0.0
257;0.0;0.912876116486907;1.3915804920846786;100000;17.454166666666666;0;0.0
258;3.206507597497493;0.6131930358218225;0.9347461841982241;100000;16.125;0;0.0
259;12.001533872315342;0.9361413106614155;1.4270457537703507;100000;15.341666666666667;0;0.0
260;80.47007733401362;0.30235366810409736;0.46090532838465603;100000;14.104166666666666;0;0.0
261;9.632585813585061;0.21797190235104882;0.33227449119998587;100000;13.325000000000001;0;0.0
262;0.0;0.7246682228262247;1.1046779994633706;100000;13.6625;0;0.0
263;0.0;1.1308697309298505;1.7238880810106072;100000;13.5;0;0.0
264;0.0;1.2637379055066882;1.9264311823369749;100000;14.5875;0;0.0
265;0.0;1.2549970291021668;1.913106665605104;100000;15.433333333333332;0;0.0
266;0.0;1.041307545077701;1.5873602560304239;100000;15.137500000000001;0;0.0
267;0.0;1.106790738802166;1.6871822727319359;100000;16.895833333333332;0;0.0
268;16.39483090621813;0.16748002826222166;0.25530511307537423;100000;13.645833333333334;0;0.0
269;9.66733560165265;0.24950322518841397;0.380340568247726;100000;11.866666666666667;0;0.0
270;0.8131996142068609;0.48970023880780295;0.7464948277063627;100000;12.695833333333333;0;0.0
271;0.0;0.44088563029559086;0.6720822587854413;100000;12.395833333333334;0;0.0
272;0.0;1.055125723195471;1.6084245677782665;100000;13.470833333333333;0;0.0
273;2.610520600487122;0.8507023106001053;1.2968032777089822;100000;15.883333333333333;0;0.0
274;41.81103553730453;0.343861120454438;0.29266652859222336;100000;14.366666666666667;0;0.0
275;3.0467774458003065;1.0589292435300701;0.9012741694064205;100000;16.045833333333334;0;0.0
276;10.396963958978665;0.6580974196121212;0.560118826515891;100000;14.770833333333334;0;0.0
277;0.0;0.6867367445084689;0.5844942830593984;100000;8.637500000000001;0;0.0
278;1.5837879716423244;0.8693288799150096;0.7399018102234185;100000;8.220833333333333;0;0.0
279;0.0;1.033337178204222;0.8794922915700344;100000;10.808333333333332;0;0.0
280;9.383395413556368;0.40118681448348786;0.34145748189467723;100000;10.299999999999999;0;0.0
281;0.0;1.2092508829401953;1.0292156834697488;100000;7.629166666666666;0;0.0
282;0.0;1.2959766467107285;1.1030295772553775;100000;10.891666666666666;0;0.0
283;0.0;1.2253687655513075;1.042933910019517;100000;11.379166666666668;0;0.0
284;0.0;1.147859550817575;0.9769643907553105;100000;11.341666666666667;0;0.0
285;0.0;1.1501546232635678;0.9789177691563017;100000;11.6875;0;0.0
286;0.0;0.3981994539349586;0.3389148843476327;100000;11.8125;0;0.0
287;0.0;0.12987466575272055;0.11053871844450179;100000;11.454166666666666;0;0.0
288;0.0;0.27984472372433755;0.23818099507444512;100000;9.983333333333333;0;0.0
289;0.0;0.16294606205964504;0.13868639254052603;100000;8.433333333333334;0;0.0
290;0.0;1.042399953976723;0.8872057868359204;100000;8.675;0;0.0
291;0.0;0.8396841356697234;0.7146706227666738;100000;9.045833333333333;0;0.0
292;0.0;0.8340297102333382;0.7098580372046207;100000;10.620833333333334;0;0.0
293;0.0;0.9421431048119461;0.8018753372233792;100000;12.487499999999999;0;0.0
294;0.0;0.6393336384055683;0.5441486269721671;100000;12.283333333333333;0;0.0
295;0.0;0.9752784528837064;0.8300774418435264;100000;12.333333333333334;0;0.0
296;0.0;0.36373205354666943;0.3095790454836533;100000;12.85;0;0.0
297;5.944657052150324;0.771016788441569;0.6562265796764238;100000;12.958333333333334;0;0.0
298;0.0;0.709234367637846;0.6036424241872737;100000;9.525;0;0.0
299;0.0;1.0019382451508156;0.8527680817317846;100000;12.7875;0;0.0
300;0.0;0.7924558934792407;0.6744737965737784;100000;15.0375;0;0.0
301;0.0;0.6658891330424364;0.5667504972276658;100000;14.858333333333334;0;0.0
302;12.11135148831719;0.14366749001173518;0.12227804503668417;100000;12.345833333333333;0;0.0
303;0.0;0.751675237516884;0.6397646296913941;100000;8.583333333333334;0;0.0
304;0.0;0.6119034766555612;0.5208023114378947;100000;11.183333333333332;0;0.0
305;1.6835084428424252;0.11566235481392295;0.08223633107696632;100000;6.279166666666666;0;0.0
306;0.0;0.6737481070997327;0.4790372155838502;100000;0.30833333333333335;0;0.0
307;0.0;0.26134670923366626;0.18581840687051523;100000;0.15416666666666667;0;0.0
308;0.0;0.6389382205520947;0.45428726682577253;100000;0.29166666666666663;0;0.0
309;0.0;0.517426517576086;0.3678920291381324;100000;1.9333333333333333;0;0.0
310;0.0;0.7039499127871092;0.5005108030412821;100000;3.1625;0;0.0
311;0.0;0.8275297737217719;0.5883765081327803;100000;6.4750000000000005;0;0.0
312;0.0;0.680493520631961;0.4838332277468379;100000;10.233333333333333;0;0.0
313;0.7070481273173073;0.1629778252004879;0.11587779284758179;100000;10.070833333333333;0;0.0
314;0.0;0.46904975928988374;0.33349598802990127;100000;3.6916666666666664;0;0.0
315;8.716386062535179;0.26915594614766203;0.19137080110761162;100000;7.029166666666666;0;0.0
316;7.408228453876165;0.2106076381723464;0.14974275327475994;100000;6.279166666666666;0;3.4348103640483134
317;0.07988320285096362;0.35779383924450253;0.25439264719057825;100000;6.420833333333333;0;318.5383029782276
318;5.113910593378859;0.27763339367283063;0.1973982953816903;100000;9.0875;0;4.9758124253398215
319;0.0;0.7027245421062478;0.4996395602832954;100000;8.958333333333334;0;0.0
320;0.0;0.6647884826200509;0.4726668918409022;100000;8.683333333333334;0;0.0
321;0.0;0.36326309996435724;0.2582813103258551;100000;10.6;0;0.0
322;0.0;0.23908888794971267;0.16999301957744223;100000;8.395833333333334;0;0.0
323;8.109002952756514;0.4719721921524867;0.3355738478212384;100000;7.154166666666666;0;0.0
324;0.43475214409619256;0.44325013504029376;0.3151523666773537;100000;4.695833333333334;0;0.0
325;24.412095326029416;0.13517501319806305;0.09610989813040771;100000;5.729166666666667;0;0.0
326;3.2930079714292257;0.3317663577308672;0.2358870185415817;100000;2.0625;0;0.0
327;0.0;0.325669634466737;0.23155222738468142;100000;6.766666666666667;0;0.0
328;0.548986538944993;0.4167297966226988;0.2962963150787916;100000;9.054166666666667;0;0.0
329;0.0;0.4393415929468605;0.31237337983983904;100000;11.791666666666666;0;0.0
330;0.0;0.577807909672164;0.41082340606963036;100000;8.983333333333333;0;0.0
331;0.0;0.55471652132137;0.39440534973230496;100000;6.5249999999999995;0;0.0
332;0.0;0.4030103975030361;0.2865417752373996;100000;5.466666666666666;0;0.0
333;1.5137035587204637;0.0698887147896519;0.04969111598351826;100000;6.7875000000000005;0;0.0
334;0.0;0.09694368971048468;0.06892729597006649;100000;5.695833333333333;0;0.0
335;0.0;0.2017850337283048;0.11881775585977916;100000;2.9458333333333333;0;0.0
336;0.0;0.45199181278673534;0.26614784986791645;100000;0.4624999999999999;0;0.0
337;0.0;0.38879868348258956;0.22893762832202474;100000;7.0;0;0.0
338;23.3655672785429;0.2640933278676108;0.15550695695807096;100000;8.362499999999999;0;0.0
339;1.4472450201892633;0.32307978209776406;0.19024014795968522;100000;10.0375;0;0.0
340;9.785242414241214;0.05288817658248328;0.03114232179135548;100000;5.566666666666666;0;0.0
341;0.06452842057101528;0.4829250415622569;0.28436236635952805;100000;4.141666666666667;0;0.0
342;6.1017699627603905;0.3235114311140859;0.19049431729271665;100000;6.833333333333333;0;0.0
343;36.348360217759286;0.04519483993830144;0.026612228660829778;100000;1.3125;0;0.0
344;2.010759169313999;0.29178153668636947;0.171810697502335;100000;0.6708333333333334;0;0.0
345;0.0;0.36329463372935333;0.2139199934606807;100000;-0.26666666666666666;0;0.0
346;0.0;0.21691372484866286;0.12772603361856008;100000;3.2125;0;0.0
347;0.0;0.3658366032424123;0.21541678986537496;100000;-0.037500000000000006;0;0.0
348;0.0;0.4607330238893653;0.2712949664182426;100000;0.6375000000000001;0;0.0
349;0.0;0.4725831222815926;0.2782726994624972;100000;3.3125;0;0.0
350;4.268926066642093;0.46938491324438186;0.2763894873453711;100000;6.454166666666667;0;0.0
351;6.392091202661624;0.06151499359850626;0.0362220792893122;100000;4.641666666666667;0;0.0
352;0.0;0.11643865639286773;0.06856296323024975;100000;-0.32083333333333336;0;0.0
353;0.0;0.040247624690915286;0.0236991433710596;100000;-1.05;0;0.0
354;0.0;0.14588125179680408;0.08589974509135392;100000;-3.483333333333333;0;0.0
355;0.0;0.2915763635470913;0.17168988471695984;100000;-2.3375;0;0.0
356;0.0;0.15504505704405508;0.09129569916434274;100000;-2.2416666666666667;0;0.0
357;0.0;0.11567392208934388;0.06811266217424558;100000;-3.3249999999999997;0;0.0
358;0.0;0.08181135157741241;0.04817325159690479;100000;-3.766666666666667;0;0.0
359;0.0;0.10020854229327067;0.05900613089718968;100000;-3.025;0;0.0
360;0.0;0.05860625536051015;0.034509317230419494;100000;-3.470833333333333;0;0.0
361;0.0;0.38878604709024284;0.22893018759288317;100000;-2.5166666666666666;0;0.0
362;0.24671110878565577;0.4566900901752561;0.268914352246197;100000;3.0625;0;0.0
363;0.0;0.4230028499433331;0.24907818198366036;100000;1.3833333333333335;0;0.0
364;0.0;0.3796743478333186;0.22356491526433836;100000;4.0;0;0.0
365;1.6255540834657807;0.4743658138048422;0.2793224076706291;100000;8.945833333333333;0;0.0
366;30.142861392523663;0.0389246125920594;0.02292010973483337;100000;7.191666666666666;0;0.0
367;27.183177604219996;0.13495131973131821;0.07946383666085319;100000;1.3833333333333335;0;0.0
368;1.0359876773415824;0.16376311047887385;0.09642917970772906;100000;1.6916666666666667;0;0.0
369;5.841649259250467;0.17396115942659596;0.10243413095573906;100000;3.9583333333333335;0;0.0
370;3.385896432405849;0.2213745022075893;0.1303526880605907;100000;4.491666666666666;0;0.0
371;0.0;0.32385392882096053;0.19069599136222545;100000;6.754166666666666;0;0.0
372;13.192439047448863;0.14770488235908227;0.0869735595706723;100000;6.3999999999999995;0;0.0
373;0.0;0.1788691780051433;0.1053241359399853;100000;6.7749999999999995;0;0.0
374;5.427694408661335;0.22427374165169767;0.13205985691292954;100000;8.9125;0;0.0
375;0.0;0.5015500798309155;0.29532940989588974;100000;8.941666666666666;0;0.0
376;0.24355771546146432;0.20902963744995554;0.12308362008367872;100000;9.125;0;0.0
377;7.098540317788344;0.10386163742719907;0.061157195115064664;100000;6.7124999999999995;0;0.0
378;0.0;0.5490515901389287;0.323299882980369;100000;6.420833333333333;0;0.0
379;0.0;0.34415670772825896;0.20265094452654467;100000;6.220833333333334;0;0.0
380;0.0;0.31197585153842483;0.18370178341447346;100000;0.020833333333333343;0;0.0
381;0.0;0.49045319205585786;0.2887951923768864;100000;4.079166666666667;0;0.0
382;0.0;0.35338270631854607;0.20808352011358947;100000;8.016666666666667;0;0.0
383;3.296163752774137;0.12065311198385131;0.07104457520235277;100000;10.145833333333334;0;0.0
384;2.9504161806264677;0.17575860336939161;0.10349252588038096;100000;11.008333333333333;0;0.0
385;0.0;0.4483599072395884;0.2640092627852504;100000;9.595833333333333;0;0.0
386;12.915019000435764;0.23372672536422412;0.1376260889081813;100000;5.433333333333334;0;0.0
387;1.7574563776522225;0.2740963966332342;0.16139709737375088;100000;1.45;0;0.0
388;0.0;0.04507050755494013;0.026539017607964583;100000;-1.2708333333333333;0;0.0
389;0.0;0.10401529248776967;0.06124767233795959;100000;-6.195833333333333;0;0.0
390;0.0;0.08888060447303164;0.05233586340781682;100000;-7.233333333333333;0;0.0
391;0.0;0.19134359408614732;0.1126694880556518;100000;-7.883333333333333;0;0.0
392;0.0;0.21569360535607288;0.1270075865795913;100000;-2.9;0;0.0
393;0.0;0.5751833170940771;0.3386871151064734;100000;0.08750000000000002;0;0.0
394;0.0;0.5292917422871144;0.311664625724152;100000;-0.1666666666666666;0;0.0
395;0.0;0.6382779387630081;0.37583933207226805;100000;-1.2708333333333333;0;0.0
396;0.0;0.5672283079341081;0.3340029404738583;100000;-2.654166666666667;0;0.0
397;0.0;0.2912171611017486;0.17147837434046467;100000;-0.32083333333333336;0;0.0
398;13.221459661547545;0.4407172584241811;0.2595090163383619;100000;0.225;0;0.0
399;0.5080470083001823;0.10785205374839722;0.06350688529510744;100000;1.2166666666666666;0;0.0
400;0.0;0.7104195502214874;0.4183187182746466;100000;-1.2083333333333333;0;0.0
401;0.0;0.7262179325446022;0.42762133254273343;100000;4.966666666666667;0;0.0
402;21.25984561733146;0.15468044859264096;0.09108100555122342;100000;1.0083333333333333;0;0.0
403;4.572888110700698;0.32822506098165855;0.19326985972255167;100000;1.3;0;0.0
404;15.429789046769333;0.21463899626988137;0.12638659758642679;100000;3.3541666666666665;0;0.0
405;0.935191693657659;0.8241157891365856;0.48526685465516106;100000;2.8125;0;0.0
406;6.885938686889288;0.3756692271219193;0.22120656664906524;100000;2.566666666666667;0;0.0
407;8.355428321874605;0.22996341842249451;0.13541012830314497;100000;4.345833333333333;0;0.0
408;13.73657460017005;0.18273677142089567;0.1076015038980892;100000;5.9125000000000005;0;0.0
409;7.285582573442012;0.2603935049988006;0.153328377891882;100000;3.3375;0;0.0
410;8.703844751685196;0.3078689695656797;0.1812835143755536;100000;2.725;0;0.0
411;15.602806633416884;0.6978423079927991;0.41091281869475144;100000;4.1125;0;0.0
412;0.0;1.024242947493212;0.6031083982185255;100000;1.9916666666666665;0;0.0
413;0.0;0.615012108147519;0.3621396352668633;100000;-0.012499999999999997;0;0.0
414;0.0;1.1028785300975346;0.6494116511562645;100000;4.858333333333333;0;0.0
415;0.0;0.841066389425238;0.4952479332790873;100000;5.45;0;0.0
416;0.0;1.0130995848320195;0.596546814736981;100000;3.845833333333333;0;0.0
417;0.0;1.1591038930064694;0.6825190195264897;100000;6.166666666666667;0;0.0
418;0.0;0.9193304595341395;0.5413324272723982;100000;5.854166666666667;0;0.0
419;0.0;0.7772997964709393;0.4577000372153219;100000;6.670833333333333;0;0.0
420;2.3824130003025243;0.4488475320310195;0.2642963925210337;100000;4.904166666666667;0;0.0
421;8.935897019673275;0.13933215217162795;0.08204341686924557;100000;4.754166666666666;0;0.0
422;20.69805986301716;0.20961416092642587;0.12342780699604942;100000;3.2125;0;0.0
423;5.127561223986975;0.532485705556258;0.313545337791476;100000;3.7583333333333333;0;0.0
424;7.847527417468294;0.32749085852270915;0.1928375368346384;100000;7.825;0;0.0
425;18.06707807989858;0.14205139739267544;0.12090255886343303;100000;6.808333333333334;0;0.0
426;31.148040342597554;0.33448564082773147;0.284686885320518;100000;3.408333333333333;0;0.0
427;20.992284766082996;0.3067310428544843;0.26106443614519964;100000;7.404166666666666;0;0.0
428;0.0;1.1450682839270772;0.9745886921298398;100000;5.933333333333334;0;0.0
429;0.6460952570526389;0.232960756195887;0.19827718738299008;100000;5.908333333333334;0;0.0
430;0.0;0.9706469618272655;0.8261354945599746;100000;4.404166666666667;0;0.0
431;11.493637104818388;0.446785370606491;0.3802672522801758;100000;6.3125;0;0.0
432;0.24284323163960875;0.3143550897480818;0.26755340278156914;100000;5.020833333333333;0;0.0
433;0.12726143843379334;0.7888838567240182;0.6714335703458953;100000;4.045833333333333;0;0.0
434;13.09351356180711;0.6513148398375347;0.5543460480322268;100000;1.7708333333333333;0;0.0
435;0.0;1.1200665577698954;0.9533092628254579;100000;1.3625;0;0.0
436;0.0;1.2953906441106655;1.102530819656729;100000;3.391666666666667;0;0.0
437;0.0;1.3447296106151516;1.1445241221624396;100000;6.541666666666667;0;0.0
438;0.0;1.2777717448886607;1.0875350502423042;100000;6.979166666666667;0;0.0
439;0.0;1.199226950595227;1.0206841301543632;100000;5.754166666666666;0;0.0
440;0.0;1.1203248119465743;0.9535290677085547;100000;6.995833333333334;0;0.0
441;0.0;0.8080071785434084;0.6877097815227691;100000;6.266666666666667;0;0.0
442;14.81311021256037;1.12724585219311;0.9594196924483442;100000;6.641666666666667;0;0.0
443;22.504319372688403;0.41713435442295094;0.35503072666134433;100000;0.375;0;0.0
444;0.0;0.3235891741137655;0.27541270194415196;100000;-1.2750000000000001;0;0.0
445;0.0;0.7047772043776626;0.5998488504997259;100000;-0.9166666666666666;0;0.0
446;0.0;0.570763981731285;0.48578773011037113;100000;-1.4166666666666667;0;0.0
447;0.0;0.4043893324222864;0.34418320385668283;100000;-0.48333333333333334;0;0.0
448;0.0;0.5672973918347128;0.4828372516446992;100000;-0.12083333333333333;0;0.0
449;55.9450050626985;0.5434385500447716;0.46253055226075884;100000;1.125;0;0.0
450;0.0;1.3184015498176214;1.12211582503366;100000;2.2333333333333334;0;0.0
451;0.0;1.253645207534819;1.0670005102368283;100000;3.783333333333333;0;0.0
452;0.0;1.1661513287033194;0.9925328595851854;100000;4.2875000000000005;0;0.0
453;0.0;1.1606084802580647;0.987815239253926;100000;5.479166666666667;0;0.0
454;0.0;1.3504268213579664;1.1493731230862847;100000;5.341666666666666;0;0.0
455;1.573904049642582;0.823613040768656;0.7009922180980809;100000;2.9291666666666667;0;0.0
456;0.0;1.1990441990495122;1.3869362981281514;100000;5.320833333333334;0;0.0
457;0.0;1.437492695804431;1.6627500468170215;100000;7.595833333333334;0;0.0
458;7.693392257016196;0.5931710433454607;0.6861218724601785;100000;6.520833333333333;0;0.0
459;10.666170015389055;0.13298534950876442;0.15382436151992754;100000;2.4583333333333335;0;0.0
460;0.0;0.7506189429543371;0.8682421038950923;100000;3.9166666666666665;0;0.0
461;0.0;1.5230915705129364;1.7617623989106805;100000;6.75;0;0.0
462;0.0;1.512434060133946;1.7494348400066668;100000;10.108333333333333;0;0.0
463;0.0;0.8094991402264978;0.9363489200595344;100000;6.933333333333334;0;0.0
464;0.0;1.4764460866720797;1.7078074948846924;100000;9.291666666666666;0;0.0
465;0.0;1.689403157700037;1.9541352716137408;100000;10.295833333333333;0;0.0
466;0.0;1.6665481350476712;1.9276988312087628;100000;9.829166666666667;0;0.0
467;0.0;1.704301212136956;1.9713678744539296;100000;12.004166666666668;0;0.0
468;0.0;1.8481472791431648;2.1377548448692267;100000;14.133333333333333;0;0.0
469;0.0;1.9471200610820156;2.2522368163482835;100000;15.208333333333334;0;0.0
470;0.0;1.9258016054994598;2.2275777254733033;100000;14.279166666666667;0;0.0
471;0.0;1.8593100917842789;2.1506668876891974;100000;12.620833333333332;0;0.0
472;0.0;1.9024632361046852;2.2005821971363204;100000;13.362499999999999;0;0.0
473;0.0;0.5208665165859768;0.602487113406926;100000;9.904166666666667;0;0.0
474;0.0;1.6904509470864388;1.9553472512337966;100000;7.995833333333334;0;0.0
475;0.0;1.838151620918532;2.126192851386071;100000;10.737499999999999;0;0.0
476;0.0;1.8619533818775227;2.15372438546927;100000;11.112499999999999;0;0.0
477;0.0;1.9871683196175731;2.2985606995577728;100000;13.333333333333334;0;0.0
478;0.0;1.9788690280070802;2.2889608959871723;100000;15.229166666666666;0;0.0
479;0.0;1.8110841184029476;2.09488382894278;100000;15.5625;0;0.0
480;0.0;2.0892862937774805;2.4166807197921893;100000;15.370833333333332;0;0.0
481;0.0;2.0165616393029646;2.3325599983546565;100000;13.9375;0;0.0
482;0.0;1.5342365549737267;1.7746538198466204;100000;14.991666666666667;0;0.0
483;0.0;1.7444488199239478;2.0178066750977512;100000;14.529166666666667;0;0.0
484;0.0;2.0359613958068405;2.3549997270080305;100000;16.333333333333332;0;0.0
485;0.0;1.482663790428885;1.7149995225331787;100000;12.612499999999999;0;0.0
486;0.0;1.6460777197258625;2.5092667031765807;100000;10.970833333333333;0;0.0
487;1.3999999999999995;1.1620768367237857;1.7714599243888602;100000;10.033333333333333;0;0.0
488;1.8999999999999995;1.1313828444585918;1.7246702668558989;100000;10.133333333333333;0;0.0
489;9.555897445845304;0.6542932551992944;0.9973990047432457;100000;9.525;0;0.0
490;43.88689762104372;0.19816082568276952;0.30207465650076487;100000;9.204166666666667;0;0.0
491;0.9623316223388055;0.6515896438988634;0.9932776429550351;100000;10.316666666666666;0;0.0
492;0.0;0.800052828247441;1.2195936429039886;100000;12.033333333333333;0;0.0
493;12.72401828102693;0.734116873798218;1.1190814416519377;100000;13.049999999999999;0;0.0
494;9.645639783085784;1.097408820637666;1.67288055746054;100000;13.695833333333333;0;0.0
495;0.0;1.6952242700922402;2.584185281401964;100000;15.391666666666666;0;0.0
496;0.0;1.2466992438811166;1.9004575932582894;100000;15.529166666666667;0;0.0
497;0.5023786868115065;1.5770020929878208;2.4039684125201175;100000;14.379166666666668;0;0.0
498;0.0;1.8614278315657462;2.8375445594950337;100000;17.479166666666668;0;0.0
499;10.716329516873044;0.9119120386424348;1.3901108601193015;100000;13.779166666666667;0;0.0
500;7.404027160400005;0.7005612559693722;1.0679295467484191;100000;7.004166666666666;0;0.0
501;11.273278232207094;1.3599890845809375;2.0731556509925153;100000;8.450000000000001;0;0.0
502;32.97506150423914;0.3924007411735418;0.5981723112639915;100000;8.533333333333333;0;0.0
503;0.0;1.3172187685494419;2.0079569494876766;100000;10.549999999999999;0;0.0
504;0.0;2.0161594134807785;3.0734160507232193;100000;13.9125;0;0.0
505;0.0;2.0043999273224973;3.055489991273028;100000;17.054166666666667;0;0.0
506;0.0;2.0288285031282256;3.0927287019005836;100000;19.3625;0;0.0
507;0.0;1.3762935635746298;2.098010058388496;100000;17.05;0;0.0
508;0.0;1.9873303836501972;3.0294693258682046;100000;18.429166666666667;0;0.0
509;0.0;2.060540646281995;3.141070419881783;100000;19.599999999999998;0;0.0
510;0.0;1.5338440732696934;2.338178698853517;100000;19.8625;0;0.0
511;0.0;1.200348605870558;1.8298010797552362;100000;19.266666666666666;0;0.0
512;8.242886279573788;1.4937181711229468;2.277011119106115;100000;14.9625;0;0.0
513;23.578557959211047;0.325388508205632;0.4960194403048415;100000;6.0874999999999995;0;0.0
514;49.22023248761264;0.20880606584152897;0.31830216894297314;100000;6.004166666666666;0;0.0
515;0.0;1.6284511175804213;2.4823968626315898;100000;8.737499999999999;0;0.0
516;0.0;1.435878155215083;2.1888402968602634;100000;12.799999999999999;0;0.0
517;14.56835548814018;0.39837583750176286;0.6072806966609913;100000;9.729166666666666;0;0.0
518;2.1640309040958865;0.3122073240142075;0.475926156613785;100000;9.983333333333333;0;0.0
519;0.0;0.9394422171691169;1.4320776272297968;100000;13.679166666666667;0;0.0
520;0.0;1.3435311098439195;2.048067256007011;100000;15.570833333333333;0;0.0
521;0.0;1.638715314610073;2.4980435162085777;100000;16.270833333333332;0;0.0
522;0.0;0.7675773813602489;1.170088351283626;100000;16.016666666666666;0;0.0
523;34.960968952059204;1.3218018267027645;2.0149433238763477;100000;17.366666666666667;0;0.0
524;0.0;1.631395849355891;2.486885786395896;100000;17.454166666666666;0;0.0
525;15.3;1.4662589120813443;2.235152461048057;100000;17.2625;0;0.0
526;0.0;1.791474384508387;2.730908127101859;100000;18.429166666666667;0;0.0
527;0.0;1.077612599676091;1.6427033686727113;100000;16.962500000000002;0;0.0
528;0.0;1.6316731486257456;2.487308499015308;100000;18.0625;0;0.0
529;0.0;1.1009605761068562;1.6782948229170636;100000;17.295833333333334;0;0.0
530;0.0;2.093644037021354;3.1915329437037756;100000;19.679166666666667;0;0.0
531;21.680627680957812;0.5695820215173246;0.8682659294844559;100000;14.15;0;0.0
532;0.028776050745360493;1.6278675321243252;2.4815072499870032;100000;14.275;0;0.0
533;0.0;2.058564934421978;3.138058661733306;100000;17.808333333333334;0;0.0
534;4.739573050615237;1.8073907692884639;2.7551709270201066;100000;17.925;0;0.0
535;5.202583905355035;2.2101678762338333;3.3691608809258833;100000;19.8;0;0.0
536;5.591718928182226;1.980178566398897;3.018567157227662;100000;20.683333333333334;0;0.0
537;7.490220807092981;1.043697360177013;1.5910032695914427;100000;16.183333333333334;0;0.0
538;7.120099524669632;0.8112215754904974;1.2366191850380892;100000;14.133333333333333;0;0.0
539;0.0;1.4512079080083995;2.2122088400288105;100000;14.558333333333332;0;0.0
540;0.0;1.9171769564712378;2.9225280454994973;100000;17.233333333333334;0;0.0
541;14.083425893050254;0.8819141265660632;1.344382301232912;100000;15.445833333333333;0;0.0
542;2.5757022692396037;0.9020847799678536;1.375130271608732;100000;12.0875;0;0.0
543;7.932866528814127;0.7758393456734056;1.1826828185468665;100000;10.008333333333333;0;0.0
544;0.0;1.1225636647701522;1.7112263852722167;100000;11.887500000000001;0;0.0
545;0.0;1.7555293405227224;2.6761138115379097;100000;13.704166666666666;0;0.0
546;0.0;1.528816408894576;2.330514570568414;100000;15.770833333333334;0;0.0
547;5.223272901682739;1.6670513489462406;2.5412387229766127;100000;17.754166666666666;0;0.0
548;16.25183937412489;0.46665069938318127;0.711358308264625;100000;13.5;0;0.0
549;17.465283949519655;0.8754029515156232;1.334456722047414;100000;12.975;0;0.0
550;11.339329828498993;1.1518161050238511;1.755818553330656;100000;11.066666666666668;0;0.0
551;3.8982371759684864;0.6885369565633921;1.0495998082634848;100000;10.829166666666666;0;0.0
552;0.17759736448397767;0.7431771504521861;1.1328928493740207;100000;14.516666666666666;0;0.0
553;0.0;1.530449874704121;2.3330046117843;100000;17.308333333333334;0;0.0
554;0.5986365101998388;0.9636872336305264;1.4690365215733243;100000;16.304166666666667;0;0.0
555;29.835575941676883;0.3317148567261226;0.5056632715194461;100000;12.3375;0;0.0
556;11.415531872406682;0.9577239393279279;1.4599461270825678;100000;9.341666666666667;0;0.0
557;9.232781282819824;0.8798140247519205;1.341180924109366;100000;10.5;0;0.0
558;0.0;1.3143337000858941;2.003558975962362;100000;13.320833333333333;0;0.0
559;0.0;2.0932843162695534;3.190984588486936;100000;17.420833333333334;0;0.0
560;0.0;2.20296655778702;3.3581832530891074;100000;21.162499999999998;0;0.0
561;0.0;2.245826411864578;3.423518445620438;100000;22.537499999999998;0;0.0
562;0.0;2.2576324765160516;3.441515508924609;100000;23.933333333333334;0;0.0
563;0.0;1.8709745783858929;2.8520975381499176;100000;20.775000000000002;0;0.0
564;7.919134890257926;1.719528378622818;2.6212342551869474;100000;19.604166666666668;0;0.0
565;0.0;1.8269816540063226;2.7850351030059652;100000;20.0;0;0.0
566;0.1999999999999993;1.7833997566117816;2.718599233859038;100000;20.7375;0;0.0
567;16.564321513743277;0.4299760704164647;0.6554518196373059;100000;16.316666666666666;0;0.0
568;7.112206687695675;1.41823454218334;2.161944525066658;100000;14.891666666666666;0;0.0
569;20.154419472790362;1.6427588617943616;2.504207464721257;100000;17.779166666666665;0;0.0
570;1.2896436929304358;0.9835441787745168;1.4993062777819905;100000;14.762500000000001;0;0.0
571;0.0;1.6459808477228839;2.509119032329311;100000;15.466666666666667;0;0.0
572;0.0;2.0455712605187695;3.1182512171111374;100000;17.962500000000002;0;0.0
573;0.0;1.550335428394296;2.3633179786144494;100000;18.716666666666665;0;0.0
574;0.0;1.623991439601823;2.475598567918962;100000;17.95;0;0.0
575;8.36003985194497;1.2358941076084056;1.8839863365566833;100000;17.654166666666665;0;0.0
576;19.74611278914198;0.9961539772611664;1.5185285460243343;100000;12.170833333333334;0;0.0
577;0.0;1.8180343918302915;2.771395973580992;100000;11.875;0;0.0
578;0.0;1.8567321729860595;2.8303865379859063;100000;13.954166666666666;0;0.0
579;8.921078900033084;0.4873168812024206;0.742861657893491;100000;16.520833333333332;0;0.0
580;19.925125482158382;0.8469826457719329;1.2911330526713307;100000;13.833333333333334;0;0.0
581;0.0;1.8626484059862585;2.839405192632484;100000;14.966666666666667;0;0.0
582;0.0;1.946212187357093;2.9667891014677745;100000;16.920833333333334;0;0.0
583;0.0;1.977142417543706;3.013938878054132;100000;20.75;0;0.0
584;25.98015938558468;0.33888796401316457;0.5165978945071659;100000;16.8875;0;0.0
585;70.16035967118616;0.2910022469457525;0.4436013197069173;100000;13.379166666666668;0;0.0
586;13.164074184979063;0.4595506864534724;0.7005351096858794;100000;10.424999999999999;0;0.0
587;0.0;0.8752985269681478;1.3342975381663404;100000;12.270833333333334;0;0.0
588;7.603588893469635;0.524388950146818;0.7993740006008179;100000;13.816666666666668;0;0.0
589;0.0;1.348507550765609;2.0556532997007437;100000;15.3125;0;0.0
590;4.859830517116552;1.3326252032727335;2.0314423859300446;100000;16.962500000000002;0;0.0
591;0.0;1.2611880879844746;1.9225442624601103;100000;17.941666666666666;0;0.0
592;0.0;1.769022666056119;2.696682920803123;100000;22.229166666666668;0;0.0
593;0.0;0.30592718836518024;0.46635277190254504;100000;16.045833333333334;0;0.0
594;0.6562154600404841;0.8494390395717988;1.2948775582302294;100000;13.85;0;0.0
595;0.0;1.0285468323524787;1.5679079354221754;100000;13.670833333333334;0;0.0
596;3.4009049101347437;0.9421210063592936;1.436161150406855;100000;15.220833333333333;0;0.0
597;12.31276534209633;0.39153852036979353;0.596857949294502;100000;12.420833333333334;0;0.0
598;1.5053233886308144;0.5046212082812399;0.7692402251017209;100000;12.829166666666666;0;0.0
599;0.0;0.9392068611919661;1.4317188526046494;100000;13.758333333333333;0;0.0
600;0.0;1.4413378337781133;2.1971629838537674;100000;15.174999999999999;0;0.0
601;0.0;1.5428892409382091;2.351967074568265;100000;15.920833333333334;0;0.0
602;0.0;1.6663514269772852;2.540171767953484;100000;17.45;0;0.0
603;0.0;1.4402105634891385;2.1954445827310813;100000;18.029166666666665;0;0.0
604;0.0;0.924295357646381;1.4089878849882067;100000;17.75;0;0.0
605;6.846666886736404;0.8028330765818332;1.223831829526923;100000;16.183333333333334;0;0.0
606;40.52134858394766;0.31910652452009597;0.4864432384626592;100000;15.341666666666667;0;0.0
607;12.243732046705142;0.2870530965655857;0.4375812688696821;100000;11.958333333333334;0;0.0
608;0.0;1.2461197418363914;1.8995742053308386;100000;12.333333333333334;0;0.0
609;0.0;0.8778976864180872;1.338259674452995;100000;13.895833333333334;0;0.0
610;0.0;1.1156221356791545;1.700644778092652;100000;13.862499999999999;0;0.0
611;23.675082619858635;0.7662394592027182;1.1680488342662319;100000;13.145833333333334;0;0.0
612;10.87230306502011;0.5296661215599576;0.8074184752664197;100000;8.4;0;0.0
613;0.7;0.6507979984459468;0.9920708654426974;100000;7.004166666666666;0;0.0
614;0.0;0.8826950720838281;1.3455727678562308;100000;8.729166666666666;0;0.0
615;0.0;0.8875825931646157;1.3530232629100953;100000;10.529166666666667;0;0.0
616;0.0;0.8803622801194434;1.3420166798711244;100000;11.583333333333334;0;0.0
617;0.0;0.7921723416046084;1.207580696916857;100000;12.333333333333334;0;0.0
618;0.0;1.0470682483559621;1.596141822507995;100000;11.875;0;0.0
619;4.157230138491365;0.678673816155703;1.0345645219479083;100000;9.958333333333334;0;0.0
620;0.0;1.1133380127651127;1.6971628807888464;100000;9.841666666666667;0;0.0
621;0.0;0.9977008554328656;1.5208865937906098;100000;11.133333333333333;0;0.0
622;2.9730452755592185;1.206989295986812;1.839924090591933;100000;14.8125;0;0.0
623;0.0;0.8160671287469389;1.2440057047018644;100000;14.195833333333333;0;0.0
624;0.0;1.2990085511984153;1.980197450948234;100000;15.333333333333334;0;0.0
625;3.5;1.1062594856294428;1.686372434969541;100000;18.216666666666665;0;0.0
626;46.93187212553067;0.2423807109342147;0.3694830688436643;100000;10.108333333333333;0;0.0
627;0.0;0.7546900107595711;1.1504429545005608;100000;7.575;0;0.0
628;0.0;1.0318521355012813;1.572946511083461;100000;8.345833333333333;0;0.0
629;0.0;1.171935787777688;1.7864888244895947;100000;11.295833333333333;0;0.0
630;0.0;1.1770787266826854;1.79432867627553;100000;14.112499999999999;0;0.0
631;0.0;1.1665013601874534;1.7782046298616088;100000;13.9125;0;0.0
632;0.27304740238263636;1.1518857186802904;1.755924671789157;100000;15.362499999999999;0;0.0
633;9.102116387987774;0.17142823595271678;0.26132372688459043;100000;9.291666666666666;0;0.0
634;12.75327399139029;0.21737058056243175;0.33135784144281477;100000;6.6125;0;0.0
635;3.2316579772697804;0.36494957673335643;0.5563259925466385;100000;6.7250000000000005;0;0.0
636;2.251246884834017;0.3195077693383056;0.4870548926088093;100000;8.095833333333333;0;0.0
637;1.4633176047962002;0.9799648472776903;1.4938499756663688;100000;10.745833333333332;0;0.0
638;1.3015117735579476;0.4644587434315442;0.7080169094847492;100000;11.866666666666667;0;0.0
639;0.0;1.3363218664880587;1.1373681363862171;100000;13.595833333333333;0;0.0
640;0.0;1.1404852225683666;0.9706879642534043;100000;14.691666666666668;0;0.0
641;0.0;1.3781105071377373;1.1729352175885535;100000;16.775000000000002;0;0.0
642;3.0633830088657463;0.6135542459103475;0.5222073115340574;100000;15.725;0;0.0
643;0.009724444698363865;1.1704347602367693;0.9961785670024721;100000;15.316666666666668;0;0.0
644;0.0;0.22547887516650236;0.19190922073030145;100000;11.554166666666667;0;0.0
645;0.0;0.7759799900470005;0.6604508519135565;100000;10.325000000000001;0;0.0
646;0.0;1.0143989392895498;0.8633736078599299;100000;9.200000000000001;0;0.0
647;0.0;0.8952118551858609;0.7619312868683715;100000;8.179166666666667;0;0.0
648;0.0;0.9973125384942211;0.8488310576574075;100000;9.325000000000001;0;0.0
649;0.0;0.2661265910236189;0.22650523984227208;100000;7.970833333333334;0;0.0
650;0.0;0.7555696609181326;0.6430792451274325;100000;8.625;0;0.0
651;0.0;0.6110745798407327;0.5200968221024431;100000;8.991666666666667;0;0.0
652;0.0;0.8119326114725266;0.6910507897387265;100000;7.6125;0;0.0
653;0.0;1.1515311204269945;0.9800893312273633;100000;9.133333333333333;0;0.0
654;0.0;1.0468963770897648;0.8910327753068377;100000;10.766666666666666;0;0.0
655;0.6999999999999991;1.052228711619316;0.8955712233698049;100000;12.191666666666668;0;0.0
656;6.898380599576618;0.2858307528647979;0.2432758146524048;100000;6.658333333333334;0;0.0
657;0.8310557561068493;0.3685166590703186;0.3136513113084112;100000;3.5875;0;0.0
658;3.246285257331678;0.371424251641419;0.31612601686168773;100000;1.1833333333333333;0;0.0
659;1.078794823236751;0.16623673954397428;0.1414871487143629;100000;0.6166666666666667;0;0.0
660;1.2425637860806926;0.07702884541048458;0.06556066809170014;100000;0.8208333333333333;0;0.0
661;0.0;0.07796368293927929;0.06635632551871169;100000;1.3958333333333333;0;0.0
662;0.0;0.1496835655663323;0.12739843767073825;100000;2.9125;0;0.0
663;0.0;0.16483448764727035;0.14029366631577758;100000;3.3666666666666667;0;0.0
664;0.0;0.1423002449750035;0.1211143576209438;100000;4.3374999999999995;0;0.0
665;0.0;0.18630241310410245;0.15856541280233677;100000;5.033333333333333;0;0.0
666;0.0;0.5337060052494912;0.4542470042520783;100000;4.195833333333334;0;0.0
667;0.0;0.7266573009010582;0.6184714033672969;100000;5.579166666666667;0;0.0
668;11.123768175015979;0.1402084208751061;0.11933396762822396;100000;6.1875;0;0.0
669;0.13873035419478744;0.12848809663329566;0.10935858394630973;100000;5.095833333333333;0;0.0
670;0.0;0.3230299173274977;0.22967537944257213;100000;2.9583333333333335;0;0.0
671;0.0;0.550555695852463;0.3914469885493169;100000;3.4166666666666665;0;0.0
672;0.0;0.3130283731131102;0.22256424719372153;100000;3.783333333333333;0;0.0
673;0.7029014303874724;0.13619877253725937;0.09683779453280007;100000;6.375;0;0.0
674;0.0;0.4731716993827779;0.3364267015771397;100000;3.9375;0;0.0
675;6.483256465099917;0.21192166932801965;0.15067703393450654;100000;4.316666666666666;0;0.0
676;4.043599754614405;0.14956939164596808;0.10634435058983985;100000;3.4791666666666665;0;0.0
677;0.6024199179575225;0.4134270522746998;0.2939480525165985;100000;5.704166666666667;0;0.0
678;4.098397445463631;0.24493716572950025;0.1741511651426299;100000;2.316666666666667;0;0.0
679;14.125370508637038;0.11413227079277342;0.0811484360886509;100000;1.4083333333333332;0;0.0
680;22.500813047202268;0.09150680591002633;0.0650616529355563;100000;5.3125;0;0.0
681;10.62948576496155;0.3339187597825117;0.23741738378457317;100000;1.4416666666666667;0;0.0
682;3.5665111266962444;0.4083343947865082;0.29032715557105143;100000;1.0916666666666666;0;0.0
683;0.0;0.10188608593533469;0.07244135664187454;100000;-0.09166666666666667;0;0.0
684;0.0;0.04737113540905404;0.0336810397925759;100000;-3.1750000000000003;0;0.0
685;0.0;0.0764633560609116;0.0543657084830868;100000;-4.766666666666667;0;0.0
686;0.0;0.1680325077099851;0.11947168945299594;100000;-6.5249999999999995;0;0.0
687;0.0;0.18475738783058698;0.1313631365969964;100000;-7.320833333333333;0;0.0
688;0.0;0.23416710936542237;0.16649361811880534;100000;-5.0625;0;0.0
689;0.0;0.2695180986485928;0.19162829277821444;100000;-1.0541666666666667;0;0.0
690;49.870194612434425;0.23119165202685724;0.16437805774314737;100000;2.7375000000000003;0;0.0
691;0.0;0.1954435213029177;0.1389610141568734;100000;3.6833333333333336;0;0.0
692;0.15498101299545597;0.3157374405904065;0.2244904034641104;100000;4.5874999999999995;0;0.0
693;6.239407906538556;0.028413704887975982;0.020202241654598704;100000;3.8125;0;0.0
694;2.5224222256432918;0.14381196667631038;0.10225080168434438;100000;3.1791666666666667;0;0.0
695;0.0;0.15343681597050182;0.10909410255260367;100000;1.7583333333333335;0;0.0
696;0.0;0.4724167075281977;0.3358898997783733;100000;-0.8333333333333334;0;0.0
697;0.0;0.238608215975719;0.1696512601548855;100000;-3.3791666666666664;0;0.0
698;0.0;0.4640128147115542;0.3299147031544011;100000;0.37083333333333335;0;0.0
699;0.07781472682892498;0.11425835481365984;0.08123808226005913;100000;4.433333333333334;0;0.0
700;2.674317808103931;0.20589286055231543;0.12123658125862775;100000;5.666666666666667;0;0.0
701;10.396031169330083;0.1823624521585993;0.10738109223574051;100000;6.520833333333333;0;0.0
702;21.299999999999994;0.07402396279949998;0.043587777434113135;100000;4.0125;0;0.0
703;8.809171890129104;0.11259816895944148;0.06630155617831844;100000;2.6458333333333335;0;0.0
704;1.5999999999999996;0.49118843268837387;0.28922812657601094;100000;5.6499999999999995;0;0.0
705;14.969749817721482;0.1834751619594765;0.10803629286693016;100000;6.95;0;0.0
706;25.398243614103794;0.24007662982329583;0.14136512437483925;100000;7.1875;0;0.0
707;12.3761859509437;0.1964027660562603;0.11564849719667118;100000;2.1041666666666665;0;0.0
708;17.573144656213092;0.15389474823334223;0.09061835898252002;100000;3.9625;0;0.0
709;44.14861772735423;0.10920437725255686;0.06430317846408959;100000;2.5375;0;0.0
710;20.885995655458135;0.09096216018089487;0.05356155281270319;100000;1.3791666666666667;0;0.0
711;12.524698392429578;0.05065788719391331;0.02982905303612871;100000;0.3833333333333333;0;0.0
712;0.8266954123870542;0.10257338818879048;0.060398631010147565;100000;0.5833333333333334;0;0.0
713;0.0;0.07857308107476411;0.04626644995318299;100000;-2.5124999999999997;0;0.0
714;0.0;0.14923254670602293;0.08787309927417125;100000;-4.233333333333333;0;0.0
715;0.0;0.1526148472236774;0.08986471059303737;100000;-4.5375000000000005;0;0.0
716;0.0;0.13509445073514698;0.07954811696824104;100000;-4.6875;0;0.0
717;0.0;0.07762275180416385;0.0457068643923796;100000;-6.120833333333334;0;0.0
718;0.0;0.28192307536904304;0.16600570677377405;100000;-8.362499999999999;0;0.0
719;0.0;0.2877114926284669;0.16941411985593954;100000;-9.0625;0;0.0
720;0.0;0.4063839479911542;0.23929241839987372;100000;-7.720833333333334;0;0.0
721;0.0;0.44018744766375817;0.259197046097454;100000;-4.745833333333334;0;0.0
722;0.0;0.35683340009259834;0.21011540366221904;100000;-4.304166666666666;0;0.0
723;0.0;0.4032371630604914;0.23743948651128702;100000;-6.2375;0;0.0
724;0.0;0.3765411904258194;0.2217200077157649;100000;-7.966666666666666;0;0.0
725;0.0;0.18036759495788646;0.10620645380260198;100000;-0.9916666666666667;0;0.0
726;0.0;0.14705236292943422;0.0865893343739212;100000;-2.6750000000000003;0;0.0
727;0.0;0.20971596814060883;0.12348775447825884;100000;-6.566666666666666;0;0.0
728;0.2507834868226482;0.495421147940243;0.29172049044526455;100000;1.3333333333333333;0;0.0
729;7.941407598595129;0.33154081342940567;0.19522228531898292;100000;1.8666666666666665;0;0.0
730;0.0;0.1758780780168999;0.10356287653640725;100000;-1.3499999999999999;0;0.0
