;[mm];[1/m2];[mm];[-];[-];[-];[mm/hour];[mm/hour]
lu_id;z_soil;dmpv;lmpv;theta_ac;theta_ufc;theta_pwp;ks;kf
8;1000;234;46;0.19034187;0.12820451;0.22161;36.63163;2500
8;1000;137;280;0.109220214;0.13005768;0.18571156;101.12452;2500
8;1000;258;86;0.08409729;0.25649774;0.23518679;116.19492;2500
8;1000;212;99;0.15336038;0.12679853;0.17409772;29.162241;2500
8;1000;37;383;0.026096208;0.14708357;0.20383935;11.359451;2500
8;1000;292;241;0.18465129;0.1423673;0.16841392;68.740166;2500
8;1000;230;553;0.11252309;0.13532995;0.19953007;117.23349;2500
8;1000;237;198;0.029682696;0.1486451;0.16524665;99.363075;2500
8;1000;47;438;0.02666607;0.15387195;0.16615786;106.77285;2500
8;1000;140;282;0.15827301;0.12923378;0.21122234;63.411705;2500
8;1000;117;399;0.043976936;0.115497574;0.17637861;39.067104;2500
8;1000;278;363;0.13135324;0.07596551;0.16723672;82.10793;2500
8;1000;196;288;0.09916573;0.07879179;0.24297683;34.633026;2500
8;1000;248;570;0.123613395;0.1146021;0.15430033;110.30316;2500
8;1000;138;212;0.062214598;0.17065616;0.2065148;33.560135;2500
8;1000;75;114;0.1336403;0.120734975;0.20482638;47.233173;2500
8;1000;170;410;0.13774242;0.06818486;0.17506088;78.44899;2500
8;1000;28;509;0.024233324;0.13217539;0.19527717;75.57294;2500
8;1000;250;33;0.08068914;0.19218808;0.15877378;92.12316;2500
8;1000;193;275;0.054119017;0.17062458;0.22212702;68.42947;2500
8;1000;229;536;0.09415572;0.18611129;0.17216972;138.32362;2500
8;1000;112;452;0.09366333;0.07807007;0.16933854;126.79044;2500
8;1000;291;595;0.058741435;0.09401403;0.18148784;132.47145;2500
8;1000;269;323;0.088336736;0.11132212;0.240237;96.2799;2500
8;1000;235;399;0.06961607;0.1716934;0.22964667;97.07615;2500
8;1000;66;188;0.042278852;0.18653554;0.24468923;93.33381;2500
8;1000;145;569;0.08118571;0.23087478;0.21519624;68.058205;2500
8;1000;22;226;0.13890633;0.0866612;0.21629216;51.70537;2500
8;1000;54;445;0.11817196;0.13791625;0.1980031;90.840416;2500
8;1000;208;247;0.08781035;0.18089278;0.24051863;8.702116;2500
8;1000;225;341;0.08859754;0.06576874;0.20108771;6.0811825;2500
8;1000;290;434;0.035088334;0.21793833;0.185506;128.48807;2500
8;1000;104;310;0.05525277;0.16371347;0.21403751;11.731486;2500
8;1000;117;545;0.05576743;0.1784886;0.20461395;81.0953;2500
8;1000;146;257;0.117546916;0.052510563;0.16240197;94.173225;2500
8;1000;64;391;0.16053511;0.14602901;0.18927254;33.73483;2500
8;1000;47;211;0.15931332;0.17916755;0.18133254;134.88097;2500
8;1000;147;250;0.015907345;0.13854642;0.23468338;32.56389;2500
8;1000;75;269;0.056916036;0.2133585;0.18788426;133.25467;2500
8;1000;204;84;0.14573014;0.15703869;0.23215552;115.63359;2500
8;1000;136;64;0.067848526;0.13911298;0.19423896;39.90773;2500
8;1000;251;403;0.20128702;0.106224105;0.22535005;26.857904;2500
8;1000;213;396;0.15450156;0.12196946;0.16352819;50.853745;2500
8;1000;100;401;0.12373093;0.21210161;0.24246502;62.70283;2500
8;1000;251;21;0.19030978;0.1558912;0.19805598;40.63878;2500
8;1000;243;202;0.108589865;0.049879365;0.17597982;149.83928;2500
8;1000;122;126;0.08999996;0.14898759;0.17414896;38.299587;2500
8;1000;93;469;0.12594154;0.13345602;0.17650773;125.44205;2500
8;1000;207;517;0.11679161;0.062557034;0.18667242;28.072073;2500
8;1000;50;155;0.05414153;0.16311564;0.22175196;147.13547;2500
8;1000;67;404;0.21961597;0.12791353;0.24496031;37.7009;2500
8;1000;12;86;0.024293616;0.12895247;0.21690375;66.144844;2500
8;1000;238;172;0.11762185;0.12287974;0.20471662;85.99179;2500
8;1000;202;91;0.18146798;0.13706294;0.19485979;22.44143;2500
8;1000;214;177;0.10068119;0.11409906;0.23281945;123.43891;2500
8;1000;236;408;0.09772493;0.14823478;0.23496573;44.829403;2500
8;1000;143;547;0.1625774;0.18303175;0.17930377;84.644135;2500
8;1000;174;129;0.046789862;0.19818552;0.24534203;84.6969;2500
8;1000;50;329;0.04040653;0.13577773;0.18951154;92.3829;2500
8;1000;43;423;0.042000525;0.11834377;0.23000781;13.045468;2500
8;1000;203;572;0.15552653;0.18355677;0.24668199;29.44972;2500
8;1000;146;369;0.07418266;0.12897922;0.2203658;28.372875;2500
8;1000;173;160;0.061871875;0.1889409;0.16615507;48.797432;2500
8;1000;231;379;0.10587555;0.062264796;0.2086137;26.012552;2500
8;1000;194;199;0.07613573;0.15859528;0.1618777;138.67859;2500
8;1000;170;585;0.12352775;0.21249335;0.2289142;79.378395;2500
8;1000;172;245;0.086622044;0.16386053;0.17813152;95.418396;2500
8;1000;98;414;0.07200051;0.2722265;0.21952148;56.835785;2500
8;1000;18;23;0.10874768;0.09301945;0.24100897;45.05569;2500
8;1000;136;246;0.09260426;0.15830481;0.16810098;77.96069;2500
8;1000;72;526;0.03533057;0.2865756;0.18928578;47.67683;2500
8;1000;128;370;0.16258085;0.077069625;0.21471187;54.82866;2500
8;1000;257;271;0.12136795;0.08452953;0.19196586;70.64888;2500
8;1000;77;562;0.17150833;0.14958675;0.1674819;78.33138;2500
8;1000;26;513;0.14167804;0.08629986;0.15290716;147.72552;2500
8;1000;91;200;0.16497877;0.0911659;0.19065982;37.381775;2500
8;1000;95;331;0.10445275;0.24085267;0.21492091;75.756546;2500
8;1000;201;298;0.08738798;0.09990868;0.20739841;26.679203;2500
8;1000;171;382;0.097840115;0.11244;0.16562413;55.74989;2500
8;1000;237;207;0.040674947;0.11553898;0.19506934;109.010056;2500
8;1000;202;154;0.053248767;0.17511877;0.1869471;30.29701;2500
8;1000;127;548;0.0319916;0.15804508;0.17742024;89.29594;2500
8;1000;246;555;0.14174178;0.1442652;0.22292712;65.421646;2500
8;1000;58;507;0.105900824;0.08036347;0.1809652;12.479033;2500
8;1000;16;587;0.15860212;0.12636045;0.2040142;140.29591;2500
8;1000;36;449;0.05873399;0.1439611;0.24232236;64.97246;2500
8;1000;219;461;0.04932718;0.17171639;0.20392759;118.66935;2500
8;1000;143;459;0.081792265;0.13797985;0.21170229;65.365456;2500
8;1000;56;293;0.12557977;0.16777056;0.1573246;140.91725;2500
8;1000;155;279;0.15849955;0.0848023;0.16781342;47.1182;2500
8;1000;54;151;0.13888878;0.083371;0.16009513;64.773445;2500
8;1000;211;390;0.20822397;0.112300575;0.22648129;115.03532;2500
8;1000;139;180;0.16131958;0.10307052;0.23359211;54.83176;2500
8;1000;120;162;0.13083978;0.061926376;0.16864553;57.831776;2500
8;1000;97;355;0.12517592;0.20484233;0.17192717;149.24936;2500
8;1000;192;251;0.028077638;0.19045241;0.18232073;85.56411;2500
8;1000;114;139;0.023691034;0.13410485;0.20910776;104.96017;2500
8;1000;35;491;0.08318054;0.1657395;0.21217962;98.302025;2500
8;1000;44;517;0.04450307;0.13028455;0.21867539;125.049;2500
8;1000;288;108;0.039926995;0.15776628;0.24051927;129.96465;2500
8;1000;273;14;0.20118843;0.09823375;0.179504;86.67214;2500
8;1000;212;208;0.038268976;0.13788138;0.2158759;47.710632;2500
8;1000;87;480;0.2103829;0.10100595;0.20597228;8.306036;2500
8;1000;291;505;0.18775389;0.14962757;0.18058373;94.08847;2500
8;1000;235;91;0.13146625;0.13984017;0.24074152;124.69298;2500
8;1000;217;466;0.14767484;0.144397;0.15954834;70.32827;2500
8;1000;140;78;0.087488696;0.2052286;0.22120011;28.882391;2500
8;1000;88;240;0.17004794;0.17851365;0.22278737;46.7719;2500
8;1000;37;599;0.046284556;0.1720231;0.24153265;78.948395;2500
8;1000;271;123;0.120976;0.061595306;0.20185806;126.31878;2500
8;1000;142;100;0.07134649;0.18248695;0.18216224;29.904205;2500
8;1000;68;259;0.064961165;0.1916888;0.23277406;93.761734;2500
8;1000;98;375;0.09774588;0.08783662;0.22708103;114.23845;2500
8;1000;177;560;0.13463956;0.13798231;0.20003156;140.72688;2500
8;1000;61;588;0.05666434;0.09616061;0.22678573;21.922035;2500
8;1000;258;51;0.16087757;0.17465611;0.17678756;139.32678;2500
8;1000;229;91;0.039709594;0.16320525;0.20895064;92.21279;2500
8;1000;218;476;0.07958719;0.078324854;0.23651834;116.17173;2500
8;1000;135;169;0.045035165;0.12661472;0.18179844;12.797333;2500
8;1000;191;532;0.052226044;0.14582375;0.198355;78.39148;2500
8;1000;179;401;0.040404968;0.16437627;0.24510449;95.2813;2500
8;1000;198;75;0.046878777;0.109683216;0.22982119;49.490906;2500
8;1000;34;501;0.06150408;0.14436688;0.2387039;67.58928;2500
8;1000;130;114;0.070250556;0.118337795;0.18852471;85.37323;2500
8;1000;22;259;0.04836179;0.1773624;0.24965052;85.11945;2500
8;1000;153;335;0.048994865;0.17803867;0.16525656;11.0699215;2500
8;1000;105;305;0.09257505;0.1252265;0.20187706;68.72485;2500
8;1000;51;414;0.03822888;0.17735589;0.19792734;36.00363;2500
8;1000;39;395;0.08621322;0.081733026;0.22984321;137.92079;2500
8;1000;180;595;0.10331439;0.0517266;0.24086177;146.6041;2500
8;1000;59;599;0.067805275;0.12261759;0.22311394;48.4488;2500
8;1000;278;314;0.19305097;0.108278915;0.21268162;30.401882;2500
8;1000;178;66;0.055354252;0.2928077;0.19274291;36.828102;2500
8;1000;110;439;0.04222318;0.29348204;0.2010326;74.27408;2500
8;1000;181;586;0.13365497;0.11718892;0.20093003;131.80331;2500
8;1000;16;197;0.14269595;0.113668814;0.15203685;77.50525;2500
8;1000;287;282;0.12899214;0.08392417;0.20030458;13.031849;2500
8;1000;149;260;0.04086919;0.2639187;0.23559707;10.783412;2500
8;1000;236;40;0.17151415;0.13143718;0.2209274;37.971687;2500
8;1000;33;406;0.103922084;0.21493241;0.22957087;127.201836;2500
8;1000;151;218;0.0928073;0.2362936;0.1890485;95.11468;2500
8;1000;152;474;0.04827748;0.18859237;0.20289733;86.62889;2500
8;1000;281;500;0.21163735;0.09173778;0.15334836;51.25059;2500
8;1000;175;494;0.043018285;0.26826146;0.18829979;139.76668;2500
8;1000;147;255;0.12621175;0.08548018;0.19744161;53.020847;2500
8;1000;87;199;0.16244878;0.17339966;0.1755209;126.06694;2500
8;1000;106;451;0.0913659;0.0775024;0.1531241;134.906;2500
8;1000;160;482;0.18385653;0.1649973;0.21904081;75.08358;2500
8;1000;137;299;0.1869896;0.117028534;0.19350877;134.67195;2500
8;1000;16;536;0.035463803;0.1331904;0.19156782;45.13648;2500
8;1000;249;94;0.028263744;0.25298217;0.17499867;100.47285;2500
8;1000;269;528;0.07200603;0.08482985;0.20378304;17.754744;2500
8;1000;50;66;0.0949555;0.20908189;0.19380268;73.72046;2500
8;1000;170;100;0.05399736;0.25584722;0.19739845;36.51311;2500
8;1000;41;324;0.057256524;0.21322553;0.20808713;14.100676;2500
8;1000;204;49;0.096106194;0.22526589;0.15063247;5.540199;2500
8;1000;91;41;0.024103628;0.14547303;0.2407696;52.089058;2500
8;1000;201;10;0.027525112;0.17765966;0.15710874;90.48193;2500
8;1000;220;267;0.15125361;0.08158189;0.19509247;71.0084;2500
8;1000;232;467;0.045528553;0.11296304;0.17073728;48.75655;2500
8;1000;41;30;0.16519529;0.07444794;0.20237824;148.724;2500
8;1000;275;394;0.13778888;0.06525382;0.17802301;141.23112;2500
8;1000;76;495;0.042405244;0.18614176;0.23600066;23.21973;2500
8;1000;20;109;0.12431519;0.110705346;0.18963598;65.190575;2500
8;1000;170;96;0.15006326;0.17581908;0.21387556;99.0828;2500
8;1000;117;517;0.104970284;0.099097915;0.17488797;111.35616;2500
8;1000;250;495;0.051848456;0.27690014;0.15194061;58.123962;2500
8;1000;244;327;0.05012836;0.18506582;0.19041546;113.21086;2500
8;1000;101;493;0.031468365;0.18409318;0.20364864;23.00175;2500
8;1000;286;64;0.11585248;0.13464992;0.19595471;53.11283;2500
8;1000;94;242;0.16160509;0.07194357;0.24620144;108.88281;2500
8;1000;159;445;0.10138007;0.100094385;0.22068392;95.72401;2500
8;1000;84;161;0.13189633;0.118639536;0.24956699;126.395485;2500
8;1000;281;453;0.12458409;0.055776253;0.179506;11.794269;2500
8;1000;57;307;0.11169314;0.10869285;0.22890534;30.286798;2500
8;1000;23;452;0.03266027;0.23049779;0.20555584;12.031714;2500
8;1000;136;284;0.14430994;0.0883717;0.21117604;32.856564;2500
8;1000;297;227;0.10035485;0.21442762;0.24858531;5.6210074;2500
8;1000;268;139;0.02066159;0.18068276;0.21539871;78.1105;2500
8;1000;227;132;0.13907467;0.20487966;0.2398817;81.60559;2500
8;1000;268;453;0.20326133;0.10368306;0.22257502;100.39431;2500
8;1000;269;80;0.08739059;0.256128;0.1627386;60.812305;2500
8;1000;160;60;0.12543353;0.19219378;0.21994238;5.465115;2500
8;1000;101;114;0.036445323;0.14197546;0.19843155;102.71422;2500
8;1000;233;113;0.03436629;0.22092573;0.2418798;12.872208;2500
8;1000;201;495;0.027291525;0.15670417;0.23068345;130.59471;2500
8;1000;118;245;0.16817877;0.14546672;0.16041347;8.284828;2500
8;1000;37;594;0.1650211;0.101811334;0.16339156;81.91889;2500
8;1000;226;90;0.03769612;0.16499373;0.1569611;134.76309;2500
8;1000;86;395;0.09170313;0.24421665;0.19932449;88.01099;2500
8;1000;281;274;0.037552137;0.13548508;0.15807718;93.22043;2500
8;1000;79;241;0.030511424;0.23226105;0.22236784;103.83357;2500
8;1000;45;526;0.1271152;0.1670929;0.20523585;22.749283;2500
8;1000;251;585;0.0841127;0.07765701;0.2335885;102.86443;2500
8;1000;54;524;0.13174659;0.13782462;0.17797957;132.65146;2500
8;1000;61;123;0.10423645;0.2089438;0.20191407;146.26202;2500
8;1000;183;140;0.07079887;0.09270659;0.16174796;69.24254;2500
8;1000;263;397;0.039498;0.21295059;0.238461;54.953205;2500
8;1000;66;180;0.03884604;0.16286539;0.1675005;114.2299;2500
8;1000;99;443;0.18624513;0.096339755;0.16023622;83.716774;2500
8;1000;235;344;0.0967541;0.07698137;0.17050506;42.309174;2500
8;1000;291;335;0.22054602;0.11686427;0.23062316;29.962893;2500
8;1000;155;498;0.2138174;0.11512832;0.16058145;29.683393;2500
8;1000;51;429;0.09165727;0.09553761;0.21144275;71.58067;2500
8;1000;14;25;0.14101495;0.07363823;0.22461814;29.66804;2500
8;1000;76;39;0.093640454;0.17388654;0.22510812;7.8592467;2500
8;1000;48;364;0.029998312;0.26361418;0.1690061;12.552873;2500
8;1000;206;296;0.03280822;0.20572299;0.1561624;139.83325;2500
8;1000;45;163;0.030033113;0.15122515;0.19488063;15.579394;2500
8;1000;156;257;0.026856586;0.14397371;0.17024854;15.6112;2500
8;1000;211;457;0.10884291;0.24111015;0.21992709;70.422325;2500
8;1000;178;497;0.12554044;0.115529984;0.18566927;40.53954;2500
8;1000;67;341;0.18639296;0.13811338;0.1949354;144.5906;2500
8;1000;243;237;0.11193129;0.13454393;0.16134849;137.09294;2500
8;1000;217;169;0.06283439;0.27163714;0.20675503;63.68777;2500
8;1000;224;317;0.09194258;0.0756093;0.16855241;70.06607;2500
8;1000;48;195;0.05406706;0.11873678;0.21789856;59.39148;2500
8;1000;45;342;0.036211528;0.29971492;0.15711688;10.490587;2500
8;1000;278;409;0.09110553;0.24839309;0.24758945;47.46279;2500
8;1000;125;48;0.06353389;0.14940959;0.21845269;22.787653;2500
8;1000;97;10;0.05847368;0.16255929;0.16817296;19.843699;2500
8;1000;151;135;0.14119703;0.09929303;0.15140946;86.32493;2500
8;1000;202;537;0.12966688;0.10356546;0.18344629;19.320904;2500
8;1000;287;391;0.09726295;0.09074609;0.16528133;19.925041;2500
8;1000;93;111;0.060463414;0.26921168;0.17184113;74.67449;2500
8;1000;278;535;0.11732686;0.08333466;0.23727502;69.13094;2500
8;1000;17;287;0.14736252;0.14369197;0.21032047;24.957045;2500
8;1000;171;290;0.03544864;0.1279825;0.16764577;5.6451087;2500
8;1000;193;561;0.07711722;0.08063305;0.20566595;32.981293;2500
8;1000;40;45;0.10952102;0.17122509;0.17557807;39.204376;2500
8;1000;50;136;0.07919542;0.13860776;0.24762009;121.036026;2500
8;1000;131;355;0.047019333;0.23407254;0.15327573;137.73856;2500
8;1000;290;125;0.069375604;0.09942863;0.22323184;63.86194;2500
8;1000;182;410;0.05438134;0.28558895;0.2272997;63.728874;2500
8;1000;280;136;0.059506614;0.24019627;0.15671627;108.309784;2500
8;1000;243;68;0.058392033;0.26686144;0.16718693;95.903694;2500
8;1000;145;132;0.11922407;0.05807003;0.18843067;31.700327;2500
8;1000;237;259;0.057985347;0.15604684;0.23681548;20.614923;2500
8;1000;15;113;0.07003576;0.15363306;0.20369999;68.45373;2500
8;1000;41;89;0.07549225;0.18194227;0.21553068;86.900116;2500
8;1000;250;517;0.13377939;0.07559431;0.22830129;25.112602;2500
8;1000;241;199;0.07097551;0.09115064;0.23281229;47.52466;2500
8;1000;77;222;0.14578894;0.07798673;0.19762845;49.361736;2500
8;1000;163;42;0.05624571;0.14466417;0.20087932;42.88824;2500
8;1000;185;220;0.038371604;0.18881266;0.22180058;71.81039;2500
8;1000;261;166;0.082145154;0.10724676;0.17633423;99.69422;2500
8;1000;184;370;0.062195644;0.14018363;0.23544897;78.861534;2500
8;1000;129;131;0.16004156;0.11534893;0.15207869;34.2112;2500
8;1000;118;534;0.14287336;0.0847574;0.16957717;19.926163;2500
8;1000;133;558;0.08402557;0.13505112;0.23002;124.17122;2500
8;1000;199;68;0.17533413;0.08144701;0.18402582;74.499176;2500
8;1000;261;73;0.13143025;0.17294185;0.16498329;14.010181;2500
8;1000;141;78;0.05927736;0.16649622;0.16867548;42.427616;2500
8;1000;81;375;0.105232105;0.1622718;0.20307565;121.5849;2500
8;1000;78;81;0.042007893;0.30123264;0.23461816;114.00032;2500
8;1000;226;512;0.14816041;0.10623561;0.15706508;131.99341;2500
8;1000;246;455;0.05339935;0.27856016;0.1530481;92.302734;2500
8;1000;40;493;0.08806624;0.22066829;0.19651681;66.32136;2500
8;1000;29;320;0.07103622;0.09070752;0.24561875;66.862076;2500
8;1000;182;598;0.02966261;0.20615716;0.17790098;33.130005;2500
8;1000;52;36;0.042751502;0.24691217;0.24591705;99.36585;2500
8;1000;249;246;0.17980866;0.16753371;0.23876812;89.83497;2500
8;1000;99;201;0.034575574;0.20709968;0.17831351;27.45534;2500
8;1000;51;569;0.06510513;0.10345196;0.2316948;133.42113;2500
8;1000;277;350;0.0795648;0.18283704;0.21858673;58.42789;2500
8;1000;58;485;0.041522413;0.13379034;0.20118225;12.212121;2500
8;1000;92;110;0.06404501;0.2362589;0.19229162;52.542732;2500
8;1000;54;587;0.1403685;0.11116688;0.23155028;131.12923;2500
8;1000;43;304;0.1977125;0.0969738;0.22930795;137.95871;2500
8;1000;16;301;0.05962744;0.2642449;0.22569363;76.10777;2500
8;1000;26;582;0.18638101;0.08940858;0.2498256;143.6693;2500
8;1000;60;234;0.12448813;0.14799975;0.19785124;131.91006;2500
8;1000;25;244;0.14594218;0.15497188;0.2306923;124.658455;2500
8;1000;181;355;0.16751221;0.1509788;0.23624784;129.65796;2500
8;1000;207;85;0.16918182;0.15462893;0.17116025;60.371933;2500
8;1000;124;199;0.093095504;0.06419053;0.15420665;114.687996;2500
8;1000;102;123;0.10190406;0.15933402;0.19047484;88.71416;2500
8;1000;156;70;0.08116955;0.11208431;0.23567367;109.35418;2500
8;1000;263;521;0.09478373;0.22728543;0.17891033;30.778986;2500
8;1000;256;357;0.04563099;0.23404855;0.22000101;111.05212;2500
8;1000;22;221;0.11673768;0.11730681;0.15073481;143.8509;2500
8;1000;62;251;0.022545643;0.1650752;0.18553644;48.88618;2500
8;1000;78;264;0.057801247;0.16000348;0.21155167;147.9934;2500
8;1000;82;383;0.045514267;0.24524128;0.16297571;59.86452;2500
8;1000;175;556;0.040929865;0.14994204;0.2396607;33.959908;2500
8;1000;130;560;0.08153036;0.087186225;0.1656274;21.281504;2500
8;1000;24;240;0.1562961;0.17130965;0.24097936;118.81948;2500
8;1000;118;204;0.10679209;0.19604999;0.17163894;85.449684;2500
8;1000;161;276;0.029273286;0.1606857;0.24942787;49.53404;2500
8;1000;39;345;0.07505151;0.13341081;0.21047488;93.2253;2500
8;1000;251;282;0.10733557;0.23707844;0.1584345;53.15467;2500
8;1000;25;398;0.15523116;0.13640572;0.15652773;70.01187;2500
8;1000;278;337;0.121743865;0.15036055;0.15749218;130.0863;2500
8;1000;38;199;0.08353984;0.12798586;0.20898928;101.88414;2500
8;1000;254;213;0.08229112;0.1275339;0.23095793;115.54826;2500
8;1000;271;233;0.10734019;0.050564542;0.19029628;89.60657;2500
8;1000;294;65;0.16374972;0.13194665;0.19448358;148.75272;2500
8;1000;242;107;0.06316653;0.09546851;0.20892876;40.00446;2500
8;1000;236;436;0.058506515;0.09246496;0.20330407;43.03222;2500
8;1000;196;239;0.034290984;0.261608;0.21880618;18.421045;2500
8;1000;235;136;0.22612198;0.11365278;0.19717857;85.332825;2500
8;1000;49;341;0.08783045;0.21347016;0.22138608;93.93709;2500
8;1000;165;455;0.06195266;0.18237537;0.24973108;110.26443;2500
8;1000;159;161;0.17295867;0.07425039;0.18502979;53.63966;2500
8;1000;258;497;0.12601842;0.11120888;0.15122154;6.7772365;2500
8;1000;144;557;0.027600775;0.18732795;0.1625625;96.67329;2500
8;1000;121;362;0.034878362;0.2194645;0.20535141;149.81085;2500
8;1000;195;404;0.027237562;0.20899263;0.18442579;47.709656;2500
8;1000;87;41;0.123969786;0.14566378;0.24399826;31.670496;2500
8;1000;50;567;0.04711603;0.282508;0.21274461;45.85621;2500
8;1000;148;241;0.23035276;0.118649125;0.20203552;66.68524;2500
8;1000;130;555;0.109749466;0.055999186;0.22980395;41.382374;2500
8;1000;77;351;0.097045496;0.1298912;0.17585899;55.309204;2500
8;1000;116;12;0.08748329;0.09865796;0.23197386;97.53998;2500
8;1000;116;32;0.06064675;0.15977736;0.1503061;55.029057;2500
8;1000;104;411;0.028713834;0.17878076;0.21196774;62.428547;2500
8;1000;120;341;0.1003079;0.084599525;0.24347572;10.804533;2500
8;1000;208;25;0.048774928;0.25404027;0.22878599;138.10167;2500
8;1000;96;448;0.037721317;0.21153642;0.23536342;63.998463;2500
8;1000;285;512;0.09572584;0.23812325;0.18969546;52.58081;2500
8;1000;275;302;0.016822513;0.13969597;0.2324239;17.540209;2500
8;1000;149;284;0.058891263;0.10450433;0.20508316;96.956566;2500
8;1000;105;13;0.121003434;0.10965128;0.21185403;130.25462;2500
8;1000;165;474;0.096446574;0.0696089;0.15589154;10.967214;2500
8;1000;256;205;0.09369458;0.10885134;0.17015517;26.064508;2500
8;1000;199;528;0.21114443;0.1360615;0.20509644;26.226524;2500
8;1000;243;230;0.0659575;0.12583442;0.15588011;92.32986;2500
8;1000;164;343;0.115530655;0.074092895;0.22414468;138.57843;2500
8;1000;193;169;0.10691945;0.15780868;0.2340057;68.47641;2500
8;1000;93;104;0.058361813;0.19123785;0.24203624;54.851936;2500
8;1000;223;467;0.17734407;0.08874358;0.16017684;116.0469;2500
8;1000;68;302;0.059713032;0.16563402;0.24397202;112.672516;2500
8;1000;211;326;0.03649287;0.27885962;0.156762;40.77964;2500
8;1000;259;579;0.043647863;0.13406825;0.19740562;28.319822;2500
8;1000;48;578;0.07542008;0.16025843;0.2340251;56.882454;2500
8;1000;188;514;0.08949842;0.19845393;0.15703112;117.462494;2500
8;1000;37;120;0.13424906;0.18939823;0.1518231;105.784195;2500
8;1000;220;360;0.14103828;0.082876034;0.15249477;101.54879;2500
8;1000;34;528;0.0725822;0.19096693;0.20112702;125.26714;2500
8;1000;281;230;0.06757288;0.09625511;0.23115967;45.183895;2500
8;1000;49;69;0.055970747;0.12809308;0.16274267;54.25414;2500
8;1000;288;488;0.09716024;0.066667385;0.16246103;11.13922;2500
8;1000;242;294;0.057507575;0.23806863;0.20685469;130.96814;2500
8;1000;182;342;0.03365518;0.17395681;0.17342956;89.45231;2500
8;1000;236;589;0.118429326;0.17631972;0.22302137;48.227734;2500
8;1000;240;368;0.0821513;0.08112835;0.24496354;15.065397;2500
8;1000;284;260;0.18618964;0.13631992;0.22660334;109.89438;2500
8;1000;83;228;0.14389476;0.17321126;0.23771754;113.56694;2500
8;1000;181;256;0.09468315;0.0731026;0.20195861;101.5959;2500
8;1000;37;79;0.051938567;0.10281274;0.23323193;34.54824;2500
8;1000;188;478;0.019305876;0.14195189;0.16829032;137.41634;2500
8;1000;59;504;0.054414246;0.2663118;0.1568348;114.20792;2500
8;1000;173;177;0.024269706;0.172671;0.2155953;100.374664;2500
8;1000;176;189;0.07721252;0.18244214;0.15519525;99.38687;2500
8;1000;145;525;0.093463145;0.1417857;0.23924814;136.13187;2500
8;1000;161;24;0.09699424;0.21211086;0.21915542;139.60454;2500
8;1000;231;317;0.10812105;0.13965861;0.24522007;91.367424;2500
8;1000;241;283;0.097142704;0.15298946;0.18138866;65.41706;2500
8;1000;152;417;0.17626241;0.17155597;0.19861583;57.74143;2500
8;1000;183;106;0.09004488;0.08998103;0.22416903;123.76643;2500
8;1000;280;404;0.09194591;0.22419488;0.1742779;98.46777;2500
8;1000;44;232;0.04934428;0.11100568;0.20418487;16.203575;2500
8;1000;43;375;0.1107557;0.13477406;0.21594673;25.616972;2500
8;1000;35;33;0.14984228;0.17742467;0.24788086;135.52696;2500
8;1000;200;282;0.0817484;0.20129439;0.22447033;133.25223;2500
8;1000;131;318;0.085593544;0.20144938;0.16181308;143.0157;2500
8;1000;234;136;0.104660876;0.098002575;0.19753334;67.03839;2500
8;1000;204;92;0.11415725;0.11955771;0.20887707;118.688835;2500
8;1000;106;121;0.04042704;0.18288916;0.16466232;125.09263;2500
8;1000;270;213;0.09272003;0.16156863;0.19319661;50.77605;2500
8;1000;231;67;0.15410414;0.088341445;0.17840058;26.073969;2500
8;1000;88;568;0.02622967;0.18915;0.16188276;149.56882;2500
8;1000;115;248;0.1294227;0.08167343;0.2012042;9.381784;2500
8;1000;101;487;0.03961514;0.16055544;0.1665633;91.61371;2500
8;1000;55;584;0.09017369;0.13283576;0.20905374;99.28078;2500
8;1000;52;57;0.063824184;0.11616411;0.16696969;103.85945;2500
8;1000;281;394;0.03441379;0.29000708;0.2223595;42.066025;2500
8;1000;136;524;0.1755695;0.09485438;0.16952416;109.62899;2500
8;1000;121;384;0.06592254;0.11083475;0.23962851;36.377937;2500
8;1000;221;263;0.1942167;0.09455518;0.15262094;125.21055;2500
8;1000;170;264;0.08692786;0.23260543;0.20219974;36.77192;2500
8;1000;281;31;0.1224081;0.07509903;0.18201047;106.02238;2500
8;1000;236;325;0.11769657;0.062423557;0.17250766;118.594955;2500
8;1000;149;596;0.06586306;0.08586039;0.19716027;32.397133;2500
8;1000;119;575;0.035335198;0.12411487;0.23420195;39.50804;2500
8;1000;296;33;0.15459698;0.14785329;0.24152772;117.97004;2500
8;1000;218;426;0.14918499;0.19825228;0.18032487;17.46985;2500
8;1000;285;188;0.105992176;0.052983887;0.16542436;32.66034;2500
8;1000;44;542;0.1089287;0.19068548;0.22201404;71.05198;2500
8;1000;256;36;0.042918988;0.12145345;0.20819987;139.87637;2500
8;1000;194;562;0.0491146;0.21931197;0.17010161;86.47228;2500
8;1000;45;504;0.15638487;0.14483018;0.22602957;61.213287;2500
8;1000;180;79;0.15184249;0.06999839;0.20189305;146.86368;2500
8;1000;208;45;0.017806826;0.13438012;0.21533953;72.23814;2500
8;1000;13;502;0.1464285;0.12260937;0.1859339;67.89157;2500
8;1000;141;101;0.22850639;0.119742535;0.19390975;64.68842;2500
8;1000;249;325;0.029194491;0.172329;0.16803421;50.26611;2500
8;1000;95;550;0.03121028;0.15668796;0.22565159;52.225746;2500
8;1000;142;344;0.090044826;0.084740356;0.16570114;104.736374;2500
8;1000;138;244;0.12759605;0.13345508;0.22783026;10.921162;2500
8;1000;97;272;0.038049582;0.23123944;0.22980079;103.86343;2500
8;1000;276;47;0.18527411;0.12318004;0.2246601;34.174652;2500
8;1000;236;581;0.12447079;0.17614387;0.15194228;60.71016;2500
8;1000;42;193;0.21166393;0.116844356;0.17731333;26.248152;2500
8;1000;299;121;0.19502996;0.116124585;0.19683377;85.1489;2500
8;1000;264;178;0.11717982;0.082273595;0.20955443;110.75581;2500
8;1000;92;578;0.10696164;0.15421385;0.24192221;56.42506;2500
8;1000;252;65;0.05258561;0.15689678;0.1875606;28.695404;2500
8;1000;40;521;0.08715711;0.12879997;0.23750234;37.843307;2500
8;1000;299;427;0.053985987;0.2824029;0.16634293;123.62637;2500
8;1000;203;499;0.1418458;0.14453338;0.18712805;43.809067;2500
8;1000;198;585;0.062218506;0.28269958;0.1552282;117.33188;2500
8;1000;36;506;0.09491754;0.13846496;0.22424893;53.023914;2500
8;1000;270;566;0.03415036;0.22333716;0.16506527;32.36622;2500
8;1000;18;84;0.06920609;0.178217;0.175702;110.45974;2500
8;1000;79;479;0.04102089;0.13043652;0.22752333;72.939026;2500
8;1000;51;331;0.0931484;0.10419199;0.20347168;9.535201;2500
8;1000;235;330;0.14618;0.10934726;0.15139727;144.19165;2500
8;1000;67;540;0.02196804;0.14150682;0.15022352;26.42425;2500
8;1000;274;583;0.20519559;0.1310968;0.20106606;56.24401;2500
8;1000;200;425;0.10773804;0.06703069;0.18049555;60.795223;2500
8;1000;20;294;0.057895355;0.1317008;0.16803114;75.96734;2500
8;1000;11;279;0.15013877;0.15292548;0.2113594;118.88938;2500
8;1000;24;237;0.057857115;0.11152979;0.17284365;5.8830905;2500
8;1000;185;223;0.0635405;0.2665151;0.20922072;140.20845;2500
8;1000;242;240;0.123131745;0.17200845;0.18792659;98.66847;2500
8;1000;79;62;0.024855915;0.13886826;0.16867462;142.84409;2500
8;1000;256;55;0.18083164;0.10753777;0.16381048;123.521484;2500
8;1000;26;470;0.18087558;0.09545012;0.17368606;139.53654;2500
8;1000;242;273;0.17876196;0.12270793;0.1529832;92.14508;2500
8;1000;279;559;0.13809764;0.17754194;0.1808127;56.809803;2500
8;1000;233;371;0.12761705;0.16605307;0.24019547;69.22254;2500
8;1000;212;30;0.1845966;0.08263864;0.2331362;100.41469;2500
8;1000;253;102;0.053353123;0.16113953;0.18720038;66.90512;2500
8;1000;21;131;0.042135645;0.24731909;0.20758337;111.09255;2500
8;1000;68;585;0.14924549;0.19214882;0.20673606;18.317963;2500
8;1000;46;139;0.07952139;0.18798298;0.23287375;125.34806;2500
8;1000;156;314;0.082994685;0.1998743;0.17362902;34.607353;2500
8;1000;226;562;0.024751907;0.21267371;0.17963874;141.8724;2500
8;1000;192;586;0.13788345;0.16334072;0.18017854;27.55414;2500
8;1000;256;149;0.09032652;0.25920695;0.15408699;23.72881;2500
8;1000;55;38;0.03873072;0.14334714;0.18146878;122.72204;2500
8;1000;223;100;0.023669016;0.16681203;0.23779137;123.71176;2500
8;1000;65;47;0.08216734;0.17572019;0.24119876;112.12012;2500
8;1000;88;125;0.15450838;0.09176669;0.16096354;144.27692;2500
8;1000;215;345;0.07982348;0.18449049;0.19580585;44.228245;2500
8;1000;294;548;0.08109714;0.078717664;0.1881349;124.86407;2500
8;1000;187;326;0.12787725;0.102978036;0.19893593;56.045876;2500
8;1000;25;379;0.07914172;0.18745396;0.20547195;82.9228;2500
8;1000;188;129;0.15834953;0.10868873;0.15202588;69.61201;2500
8;1000;22;482;0.14499135;0.13647543;0.23422423;5.8482533;2500
8;1000;266;374;0.12806915;0.16597407;0.24736641;88.29702;2500
8;1000;215;519;0.027996672;0.25031278;0.21534048;113.38835;2500
8;1000;60;569;0.037290663;0.27075797;0.21604523;30.310095;2500
8;1000;36;215;0.1909596;0.0839925;0.20279798;140.0901;2500
8;1000;63;63;0.14661373;0.1108878;0.18342733;81.907936;2500
8;1000;294;143;0.17970665;0.091532625;0.16489778;30.84567;2500
8;1000;142;268;0.109188005;0.061050665;0.20840633;98.6624;2500
8;1000;237;567;0.022973096;0.18165822;0.15449414;32.828793;2500
8;1000;194;233;0.14692865;0.1085513;0.23245026;14.212336;2500
8;1000;175;464;0.1203242;0.20427324;0.19209117;104.37071;2500
8;1000;52;328;0.16397937;0.121830955;0.19147542;21.050758;2500
8;1000;284;117;0.017485442;0.15059617;0.18271708;20.40153;2500
8;1000;97;199;0.07326663;0.19518837;0.24693538;112.29182;2500
8;1000;177;395;0.10704553;0.08730206;0.16749169;13.004324;2500
8;1000;212;406;0.17090306;0.12590027;0.16513078;122.416534;2500
8;1000;198;266;0.14885639;0.16663177;0.16655315;120.44157;2500
8;1000;282;144;0.07543606;0.19325517;0.21585275;25.502047;2500
8;1000;53;435;0.0767843;0.1914882;0.24918953;80.16519;2500
8;1000;157;109;0.14806114;0.06965715;0.17354752;19.010696;2500
8;1000;127;562;0.086973906;0.1522761;0.24056174;96.722824;2500
8;1000;147;120;0.11888726;0.20393442;0.17786166;14.124852;2500
8;1000;44;73;0.12711796;0.1675461;0.21478999;141.94972;2500
8;1000;48;303;0.08779113;0.16615961;0.15404989;35.120956;2500
8;1000;90;316;0.096526474;0.12712;0.1995654;104.01972;2500
8;1000;98;309;0.0575315;0.10254446;0.21545699;23.602257;2500
8;1000;134;267;0.106451645;0.07214983;0.20363198;35.391483;2500
8;1000;187;596;0.12173147;0.06687357;0.17378354;70.387695;2500
8;1000;194;296;0.14812176;0.076554954;0.2328497;88.09894;2500
8;1000;129;291;0.14860274;0.190226;0.24701366;149.83517;2500
8;1000;128;258;0.09169878;0.15933192;0.1959196;8.759303;2500
8;1000;73;49;0.10304265;0.09392539;0.21359193;5.045591;2500
8;1000;180;359;0.10320246;0.06794757;0.22904132;55.80323;2500
8;1000;101;144;0.09528971;0.12237139;0.1741489;58.092674;2500
8;1000;20;386;0.16283241;0.1503137;0.23644504;133.1564;2500
8;1000;131;39;0.12463089;0.10203766;0.17802009;137.32446;2500
8;1000;147;589;0.15402773;0.15047345;0.22758308;132.67612;2500
8;1000;75;286;0.17007715;0.14046386;0.16120993;25.76092;2500
8;1000;176;539;0.038769163;0.133395;0.17883867;64.7552;2500
8;1000;174;290;0.10842776;0.16330418;0.20336199;113.15335;2500
8;1000;213;45;0.15483083;0.1869884;0.2024922;50.328606;2500
8;1000;197;495;0.023385352;0.20704226;0.23504312;101.16952;2500
8;1000;199;392;0.09828825;0.061900567;0.24961272;39.385715;2500
8;1000;101;471;0.15595673;0.17870378;0.16072108;51.895794;2500
8;1000;238;262;0.057989206;0.26874405;0.17713882;129.7623;2500
8;1000;169;386;0.15006544;0.10436286;0.18575983;41.32381;2500
8;1000;135;515;0.13809982;0.12235081;0.19789185;144.827;2500
8;1000;191;382;0.10674937;0.085598856;0.19939098;49.407635;2500
8;1000;114;215;0.105223976;0.20866619;0.2356195;8.411576;2500
8;1000;158;400;0.15295888;0.09676113;0.22705594;41.960632;2500
8;1000;223;406;0.054623198;0.10215236;0.15188515;29.824717;2500
8;1000;267;576;0.12676609;0.15983692;0.19550218;78.48991;2500
8;1000;277;228;0.034140993;0.30595827;0.21180739;21.34383;2500
8;1000;156;260;0.15378521;0.1620449;0.19603956;95.777084;2500
8;1000;160;489;0.10906903;0.0963706;0.16306452;131.86037;2500
8;1000;241;308;0.07073528;0.08992973;0.18974741;57.56524;2500
8;1000;101;444;0.1345301;0.20354019;0.19116557;29.431444;2500
8;1000;252;281;0.19771089;0.13970165;0.1687716;63.003624;2500
8;1000;153;137;0.13050465;0.12597843;0.22563072;118.96519;2500
8;1000;43;449;0.07430643;0.20415707;0.18214007;90.76572;2500
8;1000;30;87;0.16380869;0.07871132;0.20889872;19.665766;2500
8;1000;254;127;0.1226757;0.11127737;0.20157301;82.892136;2500
8;1000;26;379;0.12046439;0.053425286;0.2377427;72.87238;2500
8;1000;91;450;0.115625255;0.053725325;0.1622015;52.43128;2500
8;1000;106;537;0.1280197;0.06852673;0.1614263;20.973286;2500
8;1000;60;170;0.17555322;0.14177494;0.18003197;147.26123;2500
8;1000;101;75;0.08343023;0.09573624;0.1931215;30.526281;2500
8;1000;225;574;0.039713036;0.1556267;0.17985423;32.94772;2500
8;1000;14;101;0.11064473;0.14907807;0.2263187;26.10949;2500
8;1000;249;126;0.10794528;0.08508097;0.17452659;87.67799;2500
8;1000;258;181;0.07534216;0.10729917;0.15847747;69.332085;2500
8;1000;117;322;0.16309904;0.09956422;0.19137998;41.18579;2500
8;1000;54;530;0.03707453;0.18654414;0.22733793;67.26639;2500
8;1000;184;458;0.09043134;0.18480054;0.23505619;102.66067;2500
8;1000;44;427;0.1341661;0.19827496;0.22333449;45.846577;2500
8;1000;115;113;0.06476252;0.115436114;0.20578867;137.71063;2500
8;1000;287;221;0.054943852;0.27774286;0.22241917;49.420204;2500
8;1000;298;292;0.06349427;0.26700372;0.21813895;33.73596;2500
8;1000;233;96;0.19030227;0.12551524;0.17343666;143.41234;2500
8;1000;100;171;0.10791449;0.1683427;0.20507589;122.53129;2500
8;1000;209;191;0.035413757;0.23861557;0.22706093;54.754955;2500
8;1000;214;85;0.030533435;0.24730909;0.18171206;127.00762;2500
8;1000;122;334;0.110654615;0.17744449;0.21539731;80.228065;2500
8;1000;195;425;0.030448848;0.122847594;0.19814804;55.279114;2500
8;1000;13;51;0.1786923;0.16292621;0.20031588;126.74368;2500
8;1000;70;293;0.15418051;0.11294023;0.15900551;114.063934;2500
8;1000;162;471;0.07258475;0.2337084;0.21662171;48.191853;2500
8;1000;57;451;0.10265168;0.122804694;0.2365687;92.96838;2500
8;1000;58;490;0.029377723;0.12310172;0.16414313;58.56158;2500
8;1000;252;274;0.07108672;0.1808602;0.18661056;5.152536;2500
8;1000;296;494;0.15923;0.09220803;0.15486674;144.46329;2500
8;1000;171;152;0.10124043;0.13615745;0.15296319;84.69621;2500
8;1000;253;222;0.13763851;0.08030491;0.24896584;91.77273;2500
8;1000;297;114;0.04702156;0.15294367;0.19934715;91.98425;2500
8;1000;51;285;0.07614541;0.17936356;0.1855519;84.84301;2500
8;1000;139;241;0.086099826;0.13895582;0.1774877;47.05694;2500
8;1000;123;152;0.13348323;0.21050313;0.24800126;145.87854;2500
8;1000;33;453;0.12894934;0.05563613;0.17522508;95.14192;2500
8;1000;229;195;0.036083497;0.1778496;0.22257084;102.2836;2500
8;1000;135;170;0.12760934;0.08118275;0.17837581;70.94495;2500
8;1000;146;87;0.15990713;0.0987547;0.15704896;46.739902;2500
8;1000;53;268;0.10791762;0.14193842;0.21832766;14.330603;2500
8;1000;62;188;0.08541463;0.19333346;0.15016308;55.78338;2500
8;1000;273;227;0.13992228;0.2000781;0.21757485;30.534128;2500
8;1000;22;149;0.05703667;0.15000755;0.17503767;101.0028;2500
8;1000;77;460;0.16720697;0.12134733;0.22461042;132.45557;2500
8;1000;94;558;0.061843175;0.093164876;0.22697502;48.899456;2500
8;1000;152;303;0.1327252;0.06975249;0.22241072;53.267982;2500
8;1000;180;389;0.11496712;0.12777682;0.15244834;102.20285;2500
8;1000;153;521;0.063821584;0.09237737;0.22037366;26.644358;2500
8;1000;34;599;0.14405432;0.12947956;0.24901456;139.76843;2500
8;1000;80;371;0.114938945;0.17072317;0.17426254;57.757782;2500
8;1000;254;534;0.19239105;0.106955305;0.17742386;19.67392;2500
8;1000;194;546;0.053365238;0.19994967;0.23135266;30.32918;2500
8;1000;198;476;0.18522212;0.08556681;0.16603968;140.24818;2500
8;1000;204;281;0.1346201;0.094592944;0.21605837;40.8323;2500
8;1000;231;57;0.097552;0.0606986;0.22550264;101.02898;2500
8;1000;26;19;0.06625285;0.103737526;0.15371607;27.643957;2500
8;1000;116;291;0.16925168;0.1117475;0.20537621;33.144745;2500
8;1000;166;301;0.09917004;0.24994102;0.20758772;132.48955;2500
8;1000;108;250;0.08533635;0.0678243;0.18034428;26.464817;2500
8;1000;254;345;0.048189707;0.21332699;0.23763447;7.718835;2500
8;1000;149;335;0.08532669;0.21487504;0.16627496;77.67881;2500
8;1000;232;503;0.1158739;0.19948106;0.18641947;130.09538;2500
8;1000;257;74;0.076000504;0.18304047;0.23486687;52.268703;2500
8;1000;156;142;0.09102004;0.18296316;0.16906427;23.583529;2500
8;1000;273;477;0.17131042;0.11803458;0.23213741;147.42348;2500
8;1000;180;510;0.081737265;0.24005598;0.15790692;103.1271;2500
8;1000;256;596;0.09545791;0.078999996;0.1989229;128.35014;2500
8;1000;108;525;0.048350222;0.2868862;0.15753306;114.06005;2500
8;1000;154;535;0.08682757;0.06837591;0.21779037;106.24513;2500
8;1000;164;195;0.18248084;0.1347591;0.22906014;60.76179;2500
8;1000;40;246;0.056386884;0.1089612;0.23498586;52.0293;2500
8;1000;125;168;0.10078931;0.08813633;0.24812622;108.959;2500
8;1000;276;367;0.09786798;0.052910853;0.21720158;108.923386;2500
8;1000;192;563;0.13875204;0.100299306;0.2269062;142.83531;2500
8;1000;61;213;0.0724933;0.14437854;0.20057583;87.45567;2500
8;1000;108;338;0.0715442;0.11165439;0.24127369;47.72006;2500
8;1000;65;184;0.13635124;0.10386678;0.21437584;75.981674;2500
8;1000;17;110;0.06350871;0.16696545;0.23835514;93.9885;2500
8;1000;278;125;0.1767558;0.12677641;0.1735452;66.875824;2500
8;1000;139;44;0.09755025;0.23107582;0.19967377;119.7143;2500
8;1000;99;570;0.16370605;0.11680739;0.22298189;89.76891;2500
8;1000;183;247;0.026596114;0.14828597;0.17027217;6.3681803;2500
8;1000;12;502;0.02647732;0.18260084;0.17113398;87.626785;2500
8;1000;90;411;0.23240057;0.10026308;0.24780427;96.87255;2500
8;1000;213;123;0.10428394;0.063462965;0.19346103;137.71288;2500
8;1000;193;113;0.1456964;0.08567477;0.16818154;64.98964;2500
8;1000;294;489;0.22705556;0.111445345;0.18314639;88.29781;2500
8;1000;189;166;0.1234648;0.21666819;0.18973762;73.87463;2500
8;1000;148;548;0.063192986;0.16904764;0.21230853;82.09018;2500
8;1000;230;92;0.050463576;0.23301579;0.24230146;14.75909;2500
8;1000;271;409;0.09671474;0.14463438;0.24865901;135.10612;2500
8;1000;219;490;0.069769286;0.23092283;0.21516988;137.0098;2500
8;1000;289;148;0.10337672;0.05293955;0.21999224;84.46864;2500
8;1000;236;172;0.018312678;0.16051875;0.18218292;85.70055;2500
8;1000;261;579;0.050725836;0.22211392;0.23571587;13.345625;2500
8;1000;43;166;0.048712093;0.14779836;0.17177983;91.70283;2500
8;1000;222;263;0.06212902;0.22108144;0.16063806;67.22701;2500
8;1000;137;265;0.051860347;0.16838424;0.2473256;107.811325;2500
8;1000;170;159;0.161579;0.1657501;0.23641387;11.833113;2500
8;1000;199;467;0.093059346;0.22079252;0.18036452;108.07871;2500
8;1000;291;465;0.11658182;0.13198574;0.21751708;46.599606;2500
8;1000;295;233;0.19315022;0.11142879;0.19670184;99.49728;2500
8;1000;93;502;0.09425798;0.1099696;0.18231282;95.933266;2500
8;1000;222;135;0.12858671;0.120265245;0.17867742;37.892014;2500
8;1000;227;12;0.060506582;0.12898983;0.16360274;68.86559;2500
8;1000;110;346;0.06309618;0.25908104;0.20493181;126.166824;2500
8;1000;45;596;0.0919774;0.22263613;0.19465967;92.81079;2500
8;1000;21;32;0.22421972;0.106210224;0.20121863;14.967053;2500
8;1000;235;132;0.15398759;0.1715078;0.17153572;69.22178;2500
8;1000;152;316;0.09112376;0.25079548;0.24386106;50.206863;2500
8;1000;295;487;0.07250434;0.12316291;0.21385913;98.03862;2500
8;1000;144;62;0.20225883;0.13410604;0.23996006;94.11177;2500
8;1000;293;243;0.13240305;0.1318396;0.16092712;6.507725;2500
8;1000;129;450;0.10233343;0.1321656;0.2122851;93.11585;2500
8;1000;240;229;0.1653948;0.09667998;0.23494618;111.5532;2500
8;1000;34;121;0.110017136;0.10850334;0.18309207;116.46586;2500
8;1000;171;125;0.10087213;0.10683848;0.16951431;13.551487;2500
8;1000;242;251;0.042400673;0.1558622;0.17650212;49.03047;2500
8;1000;278;292;0.02727587;0.13920973;0.17729338;66.08466;2500
8;1000;248;518;0.16930477;0.08000821;0.1947199;31.066898;2500
8;1000;20;388;0.15044972;0.17710263;0.18259636;66.00641;2500
8;1000;118;417;0.096447796;0.1795826;0.1771274;15.313783;2500
8;1000;24;589;0.115255244;0.13893987;0.21485123;21.416506;2500
8;1000;41;252;0.032313995;0.20340459;0.15530324;101.96074;2500
8;1000;205;247;0.14409517;0.09878517;0.18403637;43.073006;2500
8;1000;216;554;0.044124328;0.14773116;0.2189752;108.15385;2500
8;1000;234;155;0.18331863;0.13126855;0.16758497;11.975737;2500
8;1000;260;440;0.07978311;0.109893486;0.17209278;86.59194;2500
8;1000;224;455;0.07800767;0.21531689;0.17006667;61.760056;2500
8;1000;242;67;0.03567369;0.26632333;0.15009262;120.56085;2500
8;1000;24;286;0.15620206;0.10877175;0.19737677;118.67298;2500
8;1000;78;128;0.0664126;0.2561727;0.15389588;59.45615;2500
8;1000;190;119;0.027292814;0.18091725;0.17729399;95.29353;2500
8;1000;258;283;0.18062872;0.14569473;0.24948034;37.994587;2500
8;1000;11;180;0.09173112;0.20415097;0.24183962;89.15899;2500
8;1000;159;479;0.10333271;0.20641725;0.17150758;16.78338;2500
8;1000;206;545;0.07023121;0.21268475;0.18100025;68.017624;2500
8;1000;18;483;0.19651209;0.122756526;0.19637045;31.495514;2500
8;1000;126;166;0.09705494;0.25156483;0.23444135;133.09027;2500
8;1000;269;171;0.0529184;0.18111417;0.23026459;69.51062;2500
8;1000;204;160;0.089315176;0.22346795;0.16262415;90.66219;2500
8;1000;78;89;0.06632639;0.23258957;0.16244489;57.25537;2500
8;1000;257;566;0.06990916;0.17066486;0.19167322;46.86745;2500
8;1000;110;247;0.05022856;0.28516123;0.23700954;34.42337;2500
8;1000;257;142;0.044659622;0.18422556;0.2382085;137.22137;2500
8;1000;96;509;0.09214358;0.1709496;0.16073659;120.92254;2500
8;1000;181;245;0.1074516;0.06373687;0.20742972;24.322866;2500
8;1000;125;30;0.026223851;0.16893119;0.16556752;113.27511;2500
8;1000;89;105;0.072410025;0.24572921;0.21861292;65.686966;2500
8;1000;267;387;0.147907;0.08140354;0.24164332;7.232515;2500
8;1000;64;471;0.14507188;0.083744936;0.19547693;81.61326;2500
8;1000;34;134;0.10112604;0.09807017;0.15830828;23.856733;2500
8;1000;109;551;0.060661145;0.18766092;0.20792542;35.440475;2500
8;1000;218;512;0.10949414;0.20166925;0.19085167;105.92594;2500
8;1000;244;510;0.07460247;0.25443035;0.23108988;42.285595;2500
8;1000;299;144;0.029057166;0.13496573;0.18403445;134.32379;2500
8;1000;95;39;0.086907975;0.17805617;0.23748972;100.28961;2500
8;1000;128;521;0.10845734;0.13499732;0.17737004;125.68111;2500
8;1000;49;190;0.08621159;0.1866448;0.16575177;94.202484;2500
8;1000;176;375;0.11170456;0.12775058;0.18064804;130.98318;2500
8;1000;299;458;0.063807875;0.16592109;0.15349159;57.44428;2500
8;1000;213;85;0.07514818;0.16922796;0.17812459;84.62538;2500
8;1000;182;470;0.15302117;0.11337865;0.21601176;79.80411;2500
8;1000;123;563;0.1568705;0.093326144;0.1642283;136.04965;2500
8;1000;275;439;0.07167155;0.17275734;0.1611365;28.912735;2500
8;1000;154;270;0.13888183;0.17468524;0.16323853;88.81881;2500
8;1000;48;527;0.079836905;0.2192927;0.15775517;114.392525;2500
8;1000;115;321;0.028812565;0.18946312;0.23746353;58.657215;2500
8;1000;29;449;0.16830407;0.14181136;0.24441151;130.79932;2500
8;1000;68;494;0.06498059;0.25574952;0.15465611;59.087143;2500
8;1000;15;452;0.0642252;0.11647324;0.22600718;30.12977;2500
8;1000;141;179;0.10454289;0.16199361;0.22371517;89.68701;2500
8;1000;194;79;0.043624513;0.16343789;0.24969094;65.98236;2500
8;1000;109;150;0.04668055;0.25115392;0.18478706;7.202565;2500
8;1000;131;306;0.06106893;0.13668813;0.1785509;15.1265955;2500
8;1000;288;308;0.19085798;0.09342274;0.19530821;33.31519;2500
8;1000;228;353;0.094297044;0.10672789;0.23565751;116.55284;2500
8;1000;166;243;0.08294445;0.16928431;0.22285937;134.34573;2500
8;1000;92;474;0.041904416;0.29782486;0.19716237;84.11793;2500
8;1000;270;548;0.1041174;0.12214412;0.17445628;20.306992;2500
8;1000;78;155;0.050513186;0.27463448;0.22270158;82.490746;2500
8;1000;104;444;0.14782317;0.19956575;0.23545268;129.06279;2500
8;1000;273;410;0.1791139;0.14585626;0.18999512;113.674255;2500
8;1000;163;318;0.06487101;0.11830219;0.21685855;47.209232;2500
8;1000;225;121;0.08779001;0.22614165;0.1900212;22.964138;2500
8;1000;181;479;0.020090373;0.1363395;0.19784935;135.59885;2500
8;1000;199;576;0.026265468;0.2023949;0.20249104;128.84286;2500
8;1000;96;435;0.116049685;0.208097;0.22757258;12.788728;2500
8;1000;79;551;0.18128484;0.10646561;0.2477506;124.4328;2500
8;1000;103;590;0.06322311;0.19332497;0.19443661;19.095833;2500
8;1000;55;217;0.10114093;0.12643187;0.1842315;14.1761265;2500
8;1000;263;386;0.15953662;0.15292276;0.1873591;114.99713;2500
8;1000;92;289;0.039845336;0.25206634;0.16338891;82.76504;2500
8;1000;172;592;0.046752702;0.19692837;0.17969388;65.10947;2500
8;1000;239;65;0.09814372;0.23035315;0.15864474;136.06001;2500
8;1000;237;253;0.09839774;0.09759187;0.19278942;126.69902;2500
8;1000;137;526;0.06689793;0.11718037;0.16673572;13.355403;2500
8;1000;148;177;0.15056683;0.12799393;0.18464068;94.33265;2500
8;1000;298;474;0.21371973;0.13067913;0.22935778;116.978775;2500
8;1000;205;235;0.11070014;0.088751175;0.17459276;84.82114;2500
8;1000;246;588;0.13902383;0.060910255;0.21118946;147.5358;2500
8;1000;271;531;0.09831037;0.07958939;0.24011815;104.47689;2500
8;1000;238;187;0.19690992;0.12520279;0.20669292;20.100737;2500
8;1000;63;464;0.11705441;0.0782251;0.16937926;33.753212;2500
8;1000;173;208;0.13488197;0.11575374;0.18447661;124.80562;2500
8;1000;39;367;0.20231761;0.14585687;0.20903692;149.52972;2500
8;1000;199;398;0.10072605;0.051702123;0.20066111;19.259193;2500
8;1000;287;499;0.100631945;0.16066527;0.16486198;19.54775;2500
8;1000;158;24;0.1219301;0.1305277;0.19467963;115.691124;2500
8;1000;135;139;0.12738793;0.18410155;0.20430666;14.331371;2500
8;1000;20;430;0.13498189;0.08607443;0.17673327;14.941216;2500
8;1000;288;342;0.08326975;0.14879851;0.21124455;133.87839;2500
8;1000;39;302;0.108653754;0.07493384;0.15701601;121.06522;2500
8;1000;21;42;0.17281911;0.12534395;0.1836607;132.82666;2500
8;1000;81;215;0.20784;0.09910178;0.23042768;99.32444;2500
8;1000;29;520;0.04421833;0.13311434;0.17592847;51.76778;2500
8;1000;141;28;0.12023947;0.10845195;0.21051769;136.4154;2500
8;1000;159;243;0.18208373;0.14649728;0.19100296;48.31491;2500
8;1000;100;567;0.09962338;0.05091807;0.18164602;44.94907;2500
8;1000;24;40;0.13510984;0.07464198;0.24161316;133.52806;2500
8;1000;42;452;0.11591791;0.14509057;0.18432617;103.71928;2500
8;1000;121;161;0.09702464;0.11979413;0.1736676;134.87245;2500
8;1000;27;521;0.040958405;0.16345063;0.24093013;27.605686;2500
8;1000;212;450;0.16576973;0.07623777;0.22459443;143.08304;2500
8;1000;70;532;0.047137022;0.1391676;0.21817997;93.84761;2500
8;1000;97;137;0.1368794;0.11904566;0.1549535;101.86508;2500
8;1000;124;323;0.16824168;0.12309752;0.1631205;137.53879;2500
8;1000;130;469;0.096674785;0.16838422;0.213834;60.209183;2500
8;1000;10;154;0.038229316;0.13039255;0.17094329;109.33837;2500
8;1000;42;146;0.06804178;0.25083995;0.17256379;97.84939;2500
8;1000;260;26;0.113568336;0.071427226;0.22791386;119.224144;2500
8;1000;10;575;0.12314024;0.17982216;0.17859249;135.0567;2500
8;1000;157;428;0.034223665;0.18788937;0.15715873;103.608826;2500
8;1000;151;384;0.16253759;0.14401467;0.15364319;14.807735;2500
8;1000;106;448;0.047833275;0.1434213;0.1943178;31.55535;2500
8;1000;135;323;0.117239535;0.07009289;0.21171285;143.32684;2500
8;1000;236;290;0.071265794;0.17813937;0.23688853;145.45432;2500
8;1000;253;275;0.03447463;0.122112565;0.16108043;145.27493;2500
8;1000;85;387;0.029437413;0.16562204;0.16966729;10.335913;2500
8;1000;103;128;0.11996063;0.17484184;0.20298006;60.454983;2500
8;1000;80;533;0.11760687;0.19986983;0.18641083;115.15254;2500
8;1000;149;488;0.091517195;0.07463987;0.19825375;114.16844;2500
8;1000;208;216;0.12363366;0.20278189;0.24241246;17.45679;2500
8;1000;76;351;0.09479768;0.21470577;0.20448917;93.375885;2500
8;1000;105;93;0.08324948;0.24068737;0.19151206;25.716095;2500
8;1000;279;583;0.077313654;0.21237205;0.24894398;76.51535;2500
8;1000;24;542;0.18705074;0.09777986;0.15652157;39.754425;2500
8;1000;143;553;0.05076074;0.20425792;0.24321134;12.70837;2500
8;1000;216;205;0.1943999;0.08615755;0.20016618;16.602818;2500
8;1000;53;109;0.09886192;0.23496002;0.20037563;137.07948;2500
8;1000;23;134;0.02603178;0.14407262;0.24219644;112.97366;2500
8;1000;50;63;0.053120736;0.16003217;0.2007324;140.11447;2500
8;1000;276;80;0.022214284;0.14227672;0.19384071;73.14854;2500
8;1000;12;52;0.19456969;0.14439134;0.17724887;64.927414;2500
8;1000;64;593;0.09742173;0.14163138;0.21588168;56.96906;2500
8;1000;19;53;0.086145535;0.19892336;0.20696451;94.36453;2500
8;1000;42;88;0.15823045;0.15999356;0.17143454;55.976112;2500
8;1000;189;498;0.1665747;0.18162534;0.22094129;113.20962;2500
8;1000;80;352;0.12107072;0.061285775;0.21440868;121.19101;2500
8;1000;175;466;0.2097285;0.10017403;0.18973339;131.99747;2500
8;1000;181;382;0.16649653;0.16098805;0.1504401;40.206135;2500
8;1000;256;530;0.094377466;0.06539761;0.19465812;81.4182;2500
8;1000;11;386;0.17310731;0.1277108;0.15060581;37.39947;2500
8;1000;257;318;0.08722516;0.1337199;0.15749985;10.445595;2500
8;1000;189;430;0.14620231;0.13351704;0.193061;107.63467;2500
8;1000;57;273;0.037151743;0.2156579;0.158192;84.60229;2500
8;1000;234;214;0.11204356;0.08990489;0.17756654;109.96945;2500
8;1000;258;285;0.119876646;0.057167627;0.21554914;17.705322;2500
8;1000;83;110;0.026179181;0.14721027;0.18086153;149.3513;2500
8;1000;276;479;0.10268367;0.06798091;0.24976486;149.18054;2500
8;1000;141;163;0.18312944;0.09442856;0.2416302;72.42497;2500
8;1000;184;100;0.051923443;0.16835871;0.20853099;130.5785;2500
8;1000;295;155;0.080208674;0.11311801;0.24669471;40.31744;2500
8;1000;114;506;0.1893815;0.09899553;0.23680173;111.94709;2500
8;1000;245;204;0.19430102;0.09306888;0.18188985;132.48775;2500
8;1000;102;414;0.045566794;0.21226686;0.22495963;123.12661;2500
8;1000;241;515;0.10426603;0.23272552;0.16368318;122.707245;2500
8;1000;184;55;0.11783029;0.10925256;0.21845514;72.13886;2500
8;1000;72;461;0.07388063;0.24329197;0.19910818;123.898544;2500
8;1000;130;191;0.048660517;0.11636737;0.1516826;105.1522;2500
8;1000;102;137;0.033960592;0.26400563;0.17742299;24.205452;2500
8;1000;32;416;0.06679567;0.2808938;0.24553822;21.556738;2500
8;1000;18;546;0.13966967;0.17964995;0.18158315;116.92871;2500
8;1000;110;184;0.13080019;0.13513274;0.16814545;95.69229;2500
8;1000;15;345;0.1347433;0.14060992;0.16875315;80.30954;2500
8;1000;57;181;0.12511663;0.095541276;0.19792132;136.55296;2500
8;1000;220;337;0.099826336;0.18607071;0.23426493;100.6406;2500
8;1000;215;376;0.0803056;0.22377348;0.22580017;62.441277;2500
8;1000;224;370;0.038233206;0.3114125;0.1936852;65.02011;2500
8;1000;101;377;0.055656847;0.19283573;0.17087269;92.76043;2500
8;1000;268;89;0.046639066;0.11562175;0.15460649;115.239914;2500
8;1000;182;419;0.055698093;0.21347351;0.19626303;86.83123;2500
8;1000;46;408;0.019481208;0.15432364;0.23147753;78.770325;2500
8;1000;51;412;0.038690105;0.1602629;0.2229682;110.400604;2500
8;1000;210;53;0.10780458;0.107951395;0.19086008;107.26336;2500
8;1000;60;273;0.14151277;0.1546932;0.20947027;125.40029;2500
8;1000;157;251;0.123526044;0.06323557;0.19362465;14.070009;2500
8;1000;297;61;0.10602606;0.07712453;0.20790161;114.468056;2500
8;1000;11;141;0.07006078;0.08893206;0.20175053;79.49526;2500
8;1000;14;270;0.059259236;0.26538876;0.21809666;15.8305025;2500
8;1000;297;448;0.126579;0.1621221;0.20077088;103.45645;2500
8;1000;179;149;0.021637745;0.13635154;0.2440611;108.89833;2500
8;1000;46;499;0.055808373;0.09985008;0.19280282;80.92594;2500
8;1000;270;332;0.08746006;0.1742748;0.15159163;120.10085;2500
8;1000;265;458;0.073658586;0.1328483;0.17363736;48.535976;2500
8;1000;165;288;0.0721564;0.19718887;0.20006068;34.276546;2500
8;1000;190;304;0.121184595;0.11573624;0.20405719;55.856422;2500
8;1000;89;375;0.20232582;0.1323367;0.20523848;64.45732;2500
8;1000;24;557;0.11646505;0.09109676;0.22145522;105.91037;2500
8;1000;182;300;0.13624078;0.14958829;0.17746481;127.60039;2500
8;1000;95;321;0.0680241;0.09278676;0.21649037;109.533134;2500
8;1000;202;365;0.040480245;0.30069187;0.22040322;30.228195;2500
8;1000;252;445;0.18476197;0.16138953;0.19112808;58.10148;2500
8;1000;15;52;0.12716393;0.170651;0.19021691;27.969988;2500
8;1000;182;314;0.0637852;0.1792573;0.16789249;104.57501;2500
8;1000;77;294;0.057560425;0.13643827;0.19139874;40.98492;2500
8;1000;263;553;0.20667845;0.105824836;0.22868162;81.18111;2500
8;1000;83;301;0.14108987;0.15618092;0.2408973;119.81533;2500
8;1000;187;286;0.07494688;0.11944392;0.20936131;102.286194;2500
8;1000;170;577;0.11352759;0.12671548;0.17993703;48.26423;2500
8;1000;124;275;0.084470324;0.15808946;0.21822897;53.26568;2500
8;1000;206;116;0.120472245;0.19480985;0.22401462;99.73782;2500
8;1000;220;137;0.07862791;0.20814104;0.18322128;84.67282;2500
8;1000;174;66;0.10139807;0.17723544;0.23265478;18.977057;2500
8;1000;229;10;0.14316185;0.13680364;0.15736958;131.72878;2500
8;1000;295;264;0.025300546;0.17879348;0.15107538;79.32892;2500
8;1000;131;463;0.12944917;0.094893076;0.16229707;73.637344;2500
8;1000;159;442;0.04293198;0.11620047;0.16560084;33.773705;2500
8;1000;13;28;0.15662532;0.1507629;0.2378929;59.664104;2500
8;1000;240;346;0.11490111;0.121698536;0.19249818;53.259605;2500
8;1000;160;101;0.116822086;0.12082559;0.17749317;44.256676;2500
8;1000;128;565;0.092543714;0.10652754;0.19290751;87.27396;2500
8;1000;37;108;0.12961116;0.062274292;0.18948409;72.02993;2500
8;1000;268;379;0.10836531;0.15919906;0.18014617;133.93367;2500
8;1000;124;202;0.10599614;0.09051446;0.16378996;141.49487;2500
8;1000;207;388;0.085210145;0.07763162;0.21559155;36.823647;2500
8;1000;53;253;0.07337469;0.2301268;0.16366044;19.515287;2500
8;1000;288;458;0.060825635;0.16446824;0.22754245;118.87395;2500
8;1000;61;146;0.08011342;0.14593369;0.1701688;149.2549;2500
8;1000;67;544;0.06299233;0.17327134;0.22313713;130.22202;2500
8;1000;259;305;0.10017722;0.21283175;0.2305586;8.436123;2500
8;1000;274;456;0.07165535;0.14251204;0.1625326;41.433216;2500
8;1000;71;511;0.13943869;0.16216856;0.15867458;11.28463;2500
8;1000;146;599;0.07837258;0.2595364;0.24495728;124.01301;2500
8;1000;222;142;0.16438735;0.11778629;0.19630468;89.30401;2500
8;1000;264;179;0.085677035;0.15065917;0.21302354;79.48919;2500
8;1000;119;157;0.15689243;0.14266552;0.15232605;85.39523;2500
8;1000;159;165;0.035962846;0.20561664;0.17787102;41.605434;2500
8;1000;225;353;0.08895741;0.14392805;0.20053977;92.237564;2500
8;1000;222;596;0.02982421;0.22523241;0.23862183;9.446712;2500
8;1000;237;594;0.10795655;0.10558792;0.17714395;98.6717;2500
8;1000;175;320;0.052318733;0.11853131;0.22751912;111.492905;2500
8;1000;40;387;0.15598573;0.07698468;0.21622129;102.588806;2500
8;1000;272;517;0.051465724;0.12330566;0.16152708;53.15704;2500
8;1000;261;560;0.10172048;0.13036782;0.17933752;124.80812;2500
8;1000;241;130;0.0665053;0.19488145;0.1737864;108.75388;2500
8;1000;38;321;0.15868185;0.17746039;0.19425276;23.603111;2500
8;1000;69;501;0.05978834;0.09745612;0.21353343;33.295914;2500
8;1000;225;188;0.08842532;0.18586637;0.19334197;97.38072;2500
8;1000;16;269;0.053675037;0.187872;0.17445366;46.96534;2500
8;1000;293;591;0.02571329;0.12833893;0.21958788;22.317776;2500
8;1000;119;591;0.03436996;0.16553968;0.20844711;27.470505;2500
8;1000;218;544;0.12148789;0.05220916;0.20193139;29.014492;2500
8;1000;267;481;0.06717023;0.12618858;0.20544197;74.27968;2500
8;1000;124;168;0.020728659;0.18418539;0.17219007;93.07089;2500
8;1000;102;199;0.15467969;0.07558159;0.2180431;30.57833;2500
8;1000;186;332;0.0286474;0.22716048;0.18875006;108.31201;2500
8;1000;178;340;0.05274228;0.09745572;0.18634678;45.74683;2500
8;1000;128;308;0.09674688;0.08562699;0.16497342;50.17593;2500
8;1000;184;385;0.10945435;0.059258927;0.20968373;37.4073;2500
8;1000;281;250;0.1371758;0.122758895;0.21026644;118.85489;2500
8;1000;145;452;0.08161593;0.13419904;0.18403007;144.173;2500
8;1000;67;206;0.17779356;0.081886;0.23598501;76.412476;2500
8;1000;119;205;0.024021847;0.17034282;0.2345458;11.094443;2500
8;1000;124;85;0.10717429;0.04767157;0.16090544;42.78255;2500
8;1000;48;121;0.20622326;0.13205011;0.21950383;27.917292;2500
8;1000;57;511;0.11284314;0.058818486;0.18938348;127.20053;2500
8;1000;208;273;0.04434511;0.13102664;0.24997148;17.303827;2500
8;1000;108;144;0.033257376;0.14605199;0.17250237;145.13905;2500
8;1000;286;458;0.1724314;0.17382391;0.17805243;90.334496;2500
8;1000;80;336;0.11201566;0.16151641;0.19421063;80.072266;2500
8;1000;38;22;0.112605006;0.15945299;0.17687151;127.86584;2500
8;1000;228;196;0.2274281;0.11991154;0.21919933;8.994405;2500
8;1000;265;114;0.079156764;0.088531;0.1980908;117.68715;2500
8;1000;90;396;0.0988616;0.2460386;0.17208788;21.907587;2500
8;1000;68;172;0.06488051;0.12592211;0.2006374;126.91283;2500
8;1000;63;48;0.049457353;0.22515695;0.23887877;81.73055;2500
8;1000;161;42;0.05040449;0.18361223;0.22923957;13.863764;2500
8;1000;145;353;0.042185288;0.18460508;0.1998829;125.82053;2500
8;1000;85;22;0.19710049;0.13914818;0.17884926;8.960547;2500
8;1000;23;510;0.094045565;0.08579998;0.16798864;25.063751;2500
8;1000;149;101;0.14612731;0.2032865;0.23783828;120.684555;2500
8;1000;288;367;0.07330747;0.15251753;0.22101669;72.40631;2500
8;1000;199;272;0.14018425;0.13957071;0.20721634;132.80136;2500
8;1000;153;271;0.20193762;0.14164373;0.23794347;97.137245;2500
8;1000;42;52;0.10155421;0.059966;0.16216902;95.41167;2500
8;1000;83;483;0.14326736;0.19130552;0.21824893;47.374092;2500
8;1000;95;536;0.1560107;0.10755159;0.17167123;24.383677;2500
8;1000;231;16;0.11832495;0.17255442;0.16205774;144.37;2500
8;1000;264;115;0.06918648;0.11065036;0.19656084;20.195665;2500
8;1000;271;543;0.15894987;0.09772761;0.1887393;81.706535;2500
8;1000;295;334;0.094471306;0.19023144;0.24411736;44.522446;2500
8;1000;294;98;0.08143318;0.15981628;0.18239796;43.300396;2500
8;1000;286;129;0.05121253;0.1297845;0.23149022;91.215004;2500
8;1000;30;399;0.08176053;0.11706328;0.2248827;120.70045;2500
8;1000;49;437;0.13698627;0.18389228;0.21679239;117.691025;2500
8;1000;98;363;0.077862926;0.079031266;0.24204005;130.97624;2500
8;1000;170;572;0.10454246;0.18722996;0.19079246;47.470898;2500
8;1000;38;301;0.08071769;0.26916033;0.18896712;72.53395;2500
8;1000;255;187;0.09394384;0.057552762;0.16609474;6.3535132;2500
8;1000;188;291;0.056047626;0.12616152;0.17757621;113.29436;2500
8;1000;167;222;0.18621144;0.09861743;0.23797764;48.839752;2500
8;1000;57;142;0.036354333;0.12564383;0.19743821;86.416565;2500
8;1000;83;37;0.116838925;0.15111905;0.18413533;29.54854;2500
8;1000;56;217;0.121020734;0.1657793;0.1716112;123.81293;2500
8;1000;257;429;0.15982518;0.10780409;0.19849603;123.50447;2500
8;1000;179;20;0.040885087;0.18215185;0.22166653;132.23067;2500
8;1000;223;269;0.18697795;0.1024785;0.1786692;11.660865;2500
8;1000;95;389;0.112613395;0.1562455;0.22577165;148.90651;2500
8;1000;117;370;0.08650637;0.105021074;0.21297878;40.928017;2500
8;1000;127;468;0.1066528;0.15597428;0.22875625;49.867886;2500
8;1000;230;488;0.03969286;0.2866886;0.17509097;41.15368;2500
8;1000;233;429;0.112852015;0.17051464;0.21310282;43.79224;2500
8;1000;69;70;0.06307616;0.18128213;0.16537353;85.135895;2500
8;1000;283;290;0.06549799;0.14881882;0.1863797;39.77253;2500
8;1000;44;366;0.08182673;0.08535051;0.22243601;62.09684;2500
8;1000;269;154;0.07929531;0.11963011;0.21316683;100.06296;2500
8;1000;39;35;0.02373851;0.12849884;0.16878608;126.2238;2500
8;1000;86;141;0.049953964;0.2973712;0.23583427;105.44752;2500
8;1000;255;278;0.041115504;0.15338095;0.1553351;91.17681;2500
8;1000;62;254;0.06714291;0.2458323;0.20952156;26.42064;2500
8;1000;129;114;0.08543038;0.09829859;0.24838205;123.33676;2500
8;1000;140;496;0.04272673;0.16399351;0.20315047;10.404859;2500
8;1000;81;556;0.14697668;0.08667878;0.23006718;43.307793;2500
8;1000;215;128;0.048532277;0.16634884;0.20951809;13.273543;2500
8;1000;256;558;0.04789943;0.26177073;0.22830883;101.7772;2500
8;1000;263;20;0.21361455;0.12792411;0.21555941;58.413807;2500
8;1000;108;555;0.09010521;0.2349537;0.2191132;99.54703;2500
8;1000;163;571;0.06419986;0.11651572;0.17278111;55.31949;2500
8;1000;82;17;0.20622993;0.099107794;0.22418208;71.082405;2500
8;1000;80;460;0.11971814;0.059871234;0.17379099;71.40435;2500
8;1000;56;582;0.17596914;0.1567071;0.24806403;11.609195;2500
8;1000;282;544;0.035846315;0.21772939;0.17277873;67.38284;2500
8;1000;267;582;0.09907884;0.118197374;0.1736684;97.95433;2500
8;1000;235;334;0.12579478;0.05561032;0.2358673;84.177574;2500
8;1000;160;56;0.1018005;0.050561313;0.17429858;15.916146;2500
8;1000;152;511;0.032653127;0.16693628;0.18609028;101.86812;2500
8;1000;163;372;0.11234811;0.22045591;0.22146402;49.7851;2500
8;1000;165;372;0.089531414;0.21992104;0.16587485;7.093046;2500
8;1000;136;256;0.061168544;0.28279018;0.16590717;27.561356;2500
8;1000;48;347;0.08794815;0.082204156;0.19863585;77.14615;2500
8;1000;46;100;0.07094999;0.19748574;0.17436968;50.00824;2500
8;1000;286;446;0.06182282;0.13960728;0.17356579;105.68554;2500
8;1000;149;54;0.039878283;0.21871005;0.1509239;39.894753;2500
8;1000;286;440;0.08537531;0.12871566;0.18704496;117.05544;2500
8;1000;57;510;0.040284637;0.16640846;0.18182506;46.539192;2500
8;1000;170;288;0.0951194;0.16964965;0.15311559;95.02524;2500
8;1000;70;310;0.034720432;0.15194319;0.21212332;120.886375;2500
8;1000;83;194;0.16392711;0.07989958;0.21266551;60.90564;2500
8;1000;18;581;0.052387442;0.22777501;0.15708005;11.786716;2500
8;1000;44;442;0.07256107;0.10307533;0.18170416;82.6396;2500
8;1000;275;227;0.07333706;0.26278177;0.23728055;149.33432;2500
8;1000;103;113;0.036621224;0.21452372;0.20821671;145.50381;2500
8;1000;186;139;0.069494046;0.24441154;0.19119747;37.048218;2500
8;1000;144;283;0.03730583;0.24347526;0.1965102;114.576;2500
8;1000;126;566;0.05362245;0.23837772;0.170828;55.018017;2500
8;1000;164;443;0.116144106;0.17708208;0.23118815;28.23951;2500
8;1000;64;136;0.15961385;0.16540614;0.24140047;101.55763;2500
8;1000;296;517;0.041563753;0.23115733;0.24106641;77.62597;2500
8;1000;247;233;0.074979894;0.13066354;0.17239344;83.18843;2500
8;1000;225;512;0.076243185;0.09365874;0.18107402;124.97194;2500
8;1000;145;152;0.06524526;0.20600487;0.16606228;53.798832;2500
8;1000;54;375;0.052776728;0.11049383;0.18072012;101.72874;2500
8;1000;276;556;0.028370999;0.16988768;0.18328054;58.097763;2500
8;1000;109;162;0.037629567;0.124511875;0.21331057;11.194965;2500
8;1000;24;418;0.0987289;0.16104862;0.16896464;59.81219;2500
8;1000;109;592;0.12640323;0.055664387;0.2419397;142.75499;2500
8;1000;240;98;0.1898473;0.08223417;0.16030994;75.07306;2500
8;1000;190;62;0.21195309;0.09621994;0.1506878;20.693413;2500
8;1000;227;407;0.11124257;0.20313358;0.23549451;104.73489;2500
8;1000;240;210;0.031448994;0.18045971;0.22037698;144.69;2500
8;1000;71;52;0.07641595;0.18337496;0.18553598;136.65205;2500
8;1000;277;290;0.063714795;0.19888735;0.20954996;87.93432;2500
8;1000;137;454;0.026530769;0.21804668;0.17235442;59.560707;2500
8;1000;195;178;0.044159967;0.23686282;0.16683896;89.198265;2500
8;1000;10;207;0.07141419;0.12060323;0.19711491;123.310005;2500
8;1000;298;508;0.105067946;0.2407807;0.18531878;129.87941;2500
8;1000;91;316;0.035316117;0.13429984;0.21152301;123.73236;2500
